mean_fit_time,std_fit_time,mean_score_time,std_score_time,param_max_depth,param_max_features,param_min_samples_leaf,param_min_samples_split,param_n_estimators,params,split0_test_score,split1_test_score,split2_test_score,split3_test_score,split4_test_score,split5_test_score,split6_test_score,split7_test_score,split8_test_score,split9_test_score,mean_test_score,std_test_score,rank_test_score
0.28227620124816893,0.007447910113150078,0.16439580917358398,0.13781831372789002,,sqrt,1,2,100,"{'max_depth': None, 'max_features': 'sqrt', 'min_samples_leaf': 1, 'min_samples_split': 2, 'n_estimators': 100}",0.6726366032785493,0.6295415660225442,0.6612028678401888,0.6940417683420749,0.7279346761768637,0.6569153502747253,0.6706604324956166,0.618387539184953,0.6477759293575921,0.6647581552305963,0.6643854888203704,0.029491199798021797,45
0.74024977684021,0.008990891761710279,0.18303382396697998,0.06779709960255133,,sqrt,1,2,200,"{'max_depth': None, 'max_features': 'sqrt', 'min_samples_leaf': 1, 'min_samples_split': 2, 'n_estimators': 200}",0.6787927381436117,0.632328023538961,0.6591671798029557,0.6935656055900621,0.7204266436688312,0.6569612068965517,0.6796798029556651,0.6076640662578163,0.6557297667050691,0.6346901130365697,0.6619005146596094,0.031073964344333717,61
1.2522536516189575,0.20359639086791054,0.34423131942749025,0.08019399502305172,,sqrt,1,2,300,"{'max_depth': None, 'max_features': 'sqrt', 'min_samples_leaf': 1, 'min_samples_split': 2, 'n_estimators': 300}",0.6787927381436117,0.655808463243808,0.6753343131331908,0.692964817489274,0.7204266436688312,0.6478066376542166,0.6862122252747253,0.6224494761604136,0.6453223387508509,0.6428157966740645,0.6667933450192985,0.027638689371451912,31
0.5032055616378784,0.13121726091107416,0.2946232080459595,0.04027581032981987,,sqrt,1,5,100,"{'max_depth': None, 'max_features': 'sqrt', 'min_samples_leaf': 1, 'min_samples_split': 5, 'n_estimators': 100}",0.6714630207184897,0.6545191437300217,0.6923680871228183,0.689705031352567,0.7272196261682242,0.6278846153846154,0.6996246408045976,0.6255821319727425,0.652642692157845,0.649929772291977,0.6690938761703898,0.03118437762320879,9
0.9571164369583129,0.14796173444044006,0.3570831060409546,0.06323288874388525,,sqrt,1,5,200,"{'max_depth': None, 'max_features': 'sqrt', 'min_samples_leaf': 1, 'min_samples_split': 5, 'n_estimators': 200}",0.6859100658772138,0.646777950310559,0.6759769654435602,0.6971726450732799,0.7353439529220779,0.6349434678637355,0.6921742528942214,0.633457193509564,0.637603989277188,0.6573247990570825,0.6696685282228482,0.03178270105735435,5
1.247091245651245,0.1206630194155417,0.30835652351379395,0.050449402711332116,,sqrt,1,5,300,"{'max_depth': None, 'max_features': 'sqrt', 'min_samples_leaf': 1, 'min_samples_split': 5, 'n_estimators': 300}",0.6934748259324592,0.6325738152344719,0.6677878694581282,0.7077536506240122,0.7277010432735245,0.6269157037815125,0.6868190724475288,0.6341689680822866,0.6529575892857142,0.6554021096561686,0.6685554647775807,0.032583899064987196,17
0.6206497430801392,0.1085602610944174,0.2556983709335327,0.13756507655499198,,sqrt,1,10,100,"{'max_depth': None, 'max_features': 'sqrt', 'min_samples_leaf': 1, 'min_samples_split': 10, 'n_estimators': 100}",0.6779517726446607,0.6584096459096459,0.6453369881863051,0.7002091356710921,0.672287253808993,0.6322880261903037,0.6579465979137032,0.5753878669639539,0.6369132802069425,0.6489275047515612,0.6505658072247161,0.03162987565314521,99
0.8811071395874024,0.10556942540825975,0.33713934421539304,0.08937846902729867,,sqrt,1,10,200,"{'max_depth': None, 'max_features': 'sqrt', 'min_samples_leaf': 1, 'min_samples_split': 10, 'n_estimators': 200}",0.6699403524420123,0.6426379815360079,0.6434273873837553,0.6928640502010067,0.6947591278832225,0.6391894068846524,0.6595269681609377,0.5923580236873178,0.6519573603002502,0.630825651250081,0.6517486309729243,0.028647620882179512,95
1.3085978746414184,0.09149680033537291,0.2668533563613892,0.0660057202935255,,sqrt,1,10,300,"{'max_depth': None, 'max_features': 'sqrt', 'min_samples_leaf': 1, 'min_samples_split': 10, 'n_estimators': 300}",0.6848146583328862,0.6431570589479881,0.6519897907354735,0.6822030340349305,0.6951026711120738,0.6460648148148148,0.6595269681609377,0.5923580236873178,0.6444561749249249,0.6378761943294637,0.6537549389080811,0.027927948587616422,83
0.709611964225769,0.11890464448914849,0.16850905418395995,0.11183977352506773,,sqrt,2,2,100,"{'max_depth': None, 'max_features': 'sqrt', 'min_samples_leaf': 2, 'min_samples_split': 2, 'n_estimators': 100}",0.6938672418031397,0.622930261315217,0.653985223475355,0.6809501262626262,0.7189665008663902,0.6711308299442864,0.6829889354066985,0.6087202005170755,0.6827093814738089,0.6595037060908797,0.6675752407155477,0.031140669713368457,25
0.8960888385772705,0.1079355601182258,0.37991018295288087,0.13578958560684523,,sqrt,2,2,200,"{'max_depth': None, 'max_features': 'sqrt', 'min_samples_leaf': 2, 'min_samples_split': 2, 'n_estimators': 200}",0.6793571283889271,0.6231476264057998,0.6528905306022864,0.7072248551513389,0.7353439529220779,0.6471007095345018,0.7005538709078531,0.6255821319727425,0.6680875637213254,0.6483592660965226,0.6687647635703377,0.03481169479942466,13
1.254317283630371,0.13258157183846395,0.2499859571456909,0.05022970973558553,,sqrt,2,2,300,"{'max_depth': None, 'max_features': 'sqrt', 'min_samples_leaf': 2, 'min_samples_split': 2, 'n_estimators': 300}",0.6793571283889271,0.6310524539966331,0.6528905306022864,0.6931661913975444,0.7265932441713692,0.6483061974789915,0.6752840909090909,0.6106631275040235,0.6605446838347782,0.6477409051445705,0.6625598553428216,0.031124570276037756,57
0.6398546457290649,0.16757494238785473,0.19775030612945557,0.13255538816089604,,sqrt,2,5,100,"{'max_depth': None, 'max_features': 'sqrt', 'min_samples_leaf': 2, 'min_samples_split': 5, 'n_estimators': 100}",0.671907584409136,0.6058704096045198,0.6644021739130435,0.7334868167918834,0.6823200306330837,0.6231915331684683,0.6708774975633528,0.6080196150097466,0.6531522734436136,0.6504942956144963,0.6563722230151344,0.036291133891722886,73
0.8176478624343873,0.05512575912588866,0.3386965274810791,0.12060684219354681,,sqrt,2,5,200,"{'max_depth': None, 'max_features': 'sqrt', 'min_samples_leaf': 2, 'min_samples_split': 5, 'n_estimators': 200}",0.6862066189780006,0.6458984540748494,0.6662614994748212,0.7077420514920514,0.7044817074113949,0.6244747899159664,0.6858427385667429,0.587807212465196,0.6755901185015292,0.6582395928086124,0.6642544783689164,0.035198869091147784,49
1.2563416481018066,0.08783053851342996,0.23421249389648438,0.026461818160502255,,sqrt,2,5,300,"{'max_depth': None, 'max_features': 'sqrt', 'min_samples_leaf': 2, 'min_samples_split': 5, 'n_estimators': 300}",0.6937536280257736,0.6463283533620549,0.6832860480640854,0.7105668764212342,0.7193387798856549,0.6163773148148147,0.6774531160911277,0.5854064039408867,0.6680875637213254,0.6582395928086124,0.6658837677135571,0.03929457487096399,39
0.6304291248321533,0.12659269405743417,0.238283371925354,0.18247526294629826,,sqrt,2,10,100,"{'max_depth': None, 'max_features': 'sqrt', 'min_samples_leaf': 2, 'min_samples_split': 10, 'n_estimators': 100}",0.6553102466404458,0.6101655138339921,0.6452008928571429,0.6481508559103899,0.6943373658246362,0.6322295673076923,0.6679471343873518,0.5825164473684211,0.6219948915763136,0.6261717285339332,0.6384024644240318,0.029675241987363384,139
0.8007252454757691,0.0756098724480114,0.24364643096923827,0.04443186233947364,,sqrt,2,10,200,"{'max_depth': None, 'max_features': 'sqrt', 'min_samples_leaf': 2, 'min_samples_split': 10, 'n_estimators': 200}",0.6554700122446558,0.610699679943101,0.6191327507660055,0.6740448316524273,0.6871385521181718,0.6468896452811894,0.6679726765057838,0.5872378768020969,0.6293797980640854,0.6458853878256641,0.6423851211203181,0.02935759479538579,119
1.2710644006729126,0.15535660409995858,0.27114708423614503,0.070610119017972,,sqrt,2,10,300,"{'max_depth': None, 'max_features': 'sqrt', 'min_samples_leaf': 2, 'min_samples_split': 10, 'n_estimators': 300}",0.6554700122446558,0.6134231316057729,0.6426825508922966,0.6780376175522097,0.6802320019134178,0.6231915331684683,0.6607028162055336,0.5784600389863548,0.6292763157894736,0.6348813450145409,0.6396357363372723,0.029421914839398638,133
0.5483261108398437,0.09107555140304821,0.17422587871551515,0.061086767425140506,,sqrt,4,2,100,"{'max_depth': None, 'max_features': 'sqrt', 'min_samples_leaf': 4, 'min_samples_split': 2, 'n_estimators': 100}",0.6333793652763986,0.6047725131104555,0.594052498708519,0.6676796735053738,0.6717087526959022,0.5947084470249804,0.648182285546416,0.5616691980238061,0.6369132802069425,0.6405265278466474,0.6253592541945442,0.03359742643962665,205
0.9582779169082641,0.0759955056071706,0.23359098434448242,0.12125776464018231,,sqrt,4,2,200,"{'max_depth': None, 'max_features': 'sqrt', 'min_samples_leaf': 4, 'min_samples_split': 2, 'n_estimators': 200}",0.625879917184265,0.5947840390594815,0.6166399572649572,0.6681230105984819,0.6873803827751197,0.6026626595019073,0.632087250293772,0.5864964896214897,0.6520180250783699,0.6329742574044274,0.6299045988782271,0.030527516816858603,193
1.2727845668792725,0.12015211849695419,0.20148591995239257,0.04207983975353195,,sqrt,4,2,300,"{'max_depth': None, 'max_features': 'sqrt', 'min_samples_leaf': 4, 'min_samples_split': 2, 'n_estimators': 300}",0.6405516602379403,0.5947840390594815,0.617866847826087,0.6750880786777876,0.670700902733881,0.6015335648148148,0.632087250293772,0.5859887397447049,0.6445377628102636,0.640632814819737,0.6303771661018469,0.02874522477501019,181
0.6721661806106567,0.1681582600478013,0.1758572578430176,0.08219161604397913,,sqrt,4,5,100,"{'max_depth': None, 'max_features': 'sqrt', 'min_samples_leaf': 4, 'min_samples_split': 5, 'n_estimators': 100}",0.6333793652763986,0.6047725131104555,0.594052498708519,0.6676796735053738,0.6717087526959022,0.5947084470249804,0.648182285546416,0.5616691980238061,0.6369132802069425,0.6405265278466474,0.6253592541945442,0.03359742643962665,205
0.8130681276321411,0.2021986246320472,0.2438046932220459,0.06791040683573371,,sqrt,4,5,200,"{'max_depth': None, 'max_features': 'sqrt', 'min_samples_leaf': 4, 'min_samples_split': 5, 'n_estimators': 200}",0.625879917184265,0.5947840390594815,0.6166399572649572,0.6681230105984819,0.6873803827751197,0.6026626595019073,0.632087250293772,0.5864964896214897,0.6520180250783699,0.6329742574044274,0.6299045988782271,0.030527516816858603,193
1.319757080078125,0.16927141549963262,0.2764043092727661,0.03411386500802626,,sqrt,4,5,300,"{'max_depth': None, 'max_features': 'sqrt', 'min_samples_leaf': 4, 'min_samples_split': 5, 'n_estimators': 300}",0.6405516602379403,0.5947840390594815,0.617866847826087,0.6750880786777876,0.670700902733881,0.6015335648148148,0.632087250293772,0.5859887397447049,0.6445377628102636,0.640632814819737,0.6303771661018469,0.02874522477501019,181
0.570750641822815,0.10893934971579007,0.17186825275421141,0.05342146105600157,,sqrt,4,10,100,"{'max_depth': None, 'max_features': 'sqrt', 'min_samples_leaf': 4, 'min_samples_split': 10, 'n_estimators': 100}",0.6311763600380473,0.6124347349786945,0.6340184294871796,0.6481508559103899,0.6746841950646298,0.6077415966386555,0.6540763142016344,0.6055519467540774,0.6294658503004005,0.6336489051997439,0.6330949188573453,0.020598126913812482,161
0.9362031936645507,0.12585464201326607,0.2268549919128418,0.0523119173191932,,sqrt,4,10,200,"{'max_depth': None, 'max_features': 'sqrt', 'min_samples_leaf': 4, 'min_samples_split': 10, 'n_estimators': 200}",0.6482981966548778,0.6082380571360835,0.6019163995726496,0.660151082026082,0.6670218157966471,0.6155519467540773,0.6724341092727972,0.5836625768299497,0.6523089241839243,0.6259290854193464,0.6335512193646435,0.02901982576729624,155
1.296594762802124,0.19517135103733682,0.25497772693634035,0.06722118351967085,,sqrt,4,10,300,"{'max_depth': None, 'max_features': 'sqrt', 'min_samples_leaf': 4, 'min_samples_split': 10, 'n_estimators': 300}",0.6335143585028657,0.593520625889047,0.6063568722395559,0.660151082026082,0.6746841950646298,0.6252223412181039,0.6573149236192715,0.598402286273049,0.6445377628102636,0.6266852615209931,0.6320389709163862,0.025992238419754933,171
0.5666280269622803,0.13679186680673222,0.19271063804626465,0.09769884167148454,,log2,1,2,100,"{'max_depth': None, 'max_features': 'log2', 'min_samples_leaf': 1, 'min_samples_split': 2, 'n_estimators': 100}",0.6726366032785493,0.6295415660225442,0.6612028678401888,0.6940417683420749,0.7279346761768637,0.6569153502747253,0.6706604324956166,0.618387539184953,0.6477759293575921,0.6647581552305963,0.6643854888203704,0.029491199798021797,45
0.9245968103408814,0.08754792043357862,0.34298579692840575,0.05969451284388079,,log2,1,2,200,"{'max_depth': None, 'max_features': 'log2', 'min_samples_leaf': 1, 'min_samples_split': 2, 'n_estimators': 200}",0.6787927381436117,0.632328023538961,0.6591671798029557,0.6935656055900621,0.7204266436688312,0.6569612068965517,0.6796798029556651,0.6076640662578163,0.6557297667050691,0.6346901130365697,0.6619005146596094,0.031073964344333717,61
1.32747323513031,0.1918431508816438,0.3228708028793335,0.08257447027761526,,log2,1,2,300,"{'max_depth': None, 'max_features': 'log2', 'min_samples_leaf': 1, 'min_samples_split': 2, 'n_estimators': 300}",0.6787927381436117,0.655808463243808,0.6753343131331908,0.692964817489274,0.7204266436688312,0.6478066376542166,0.6862122252747253,0.6224494761604136,0.6453223387508509,0.6428157966740645,0.6667933450192985,0.027638689371451912,31
0.6224429368972778,0.06027567051655094,0.17347397804260253,0.05913874298965003,,log2,1,5,100,"{'max_depth': None, 'max_features': 'log2', 'min_samples_leaf': 1, 'min_samples_split': 5, 'n_estimators': 100}",0.6714630207184897,0.6545191437300217,0.6923680871228183,0.689705031352567,0.7272196261682242,0.6278846153846154,0.6996246408045976,0.6255821319727425,0.652642692157845,0.649929772291977,0.6690938761703898,0.03118437762320879,9
0.9013959169387817,0.12267742735921028,0.387252140045166,0.11837231033824543,,log2,1,5,200,"{'max_depth': None, 'max_features': 'log2', 'min_samples_leaf': 1, 'min_samples_split': 5, 'n_estimators': 200}",0.6859100658772138,0.646777950310559,0.6759769654435602,0.6971726450732799,0.7353439529220779,0.6349434678637355,0.6921742528942214,0.633457193509564,0.637603989277188,0.6573247990570825,0.6696685282228482,0.03178270105735435,5
1.268606424331665,0.12646382276462806,0.28648056983947756,0.036522343405476804,,log2,1,5,300,"{'max_depth': None, 'max_features': 'log2', 'min_samples_leaf': 1, 'min_samples_split': 5, 'n_estimators': 300}",0.6934748259324592,0.6325738152344719,0.6677878694581282,0.7077536506240122,0.7277010432735245,0.6269157037815125,0.6868190724475288,0.6341689680822866,0.6529575892857142,0.6554021096561686,0.6685554647775807,0.032583899064987196,17
0.683300518989563,0.10444256352674436,0.1509108543395996,0.06771371750336494,,log2,1,10,100,"{'max_depth': None, 'max_features': 'log2', 'min_samples_leaf': 1, 'min_samples_split': 10, 'n_estimators': 100}",0.6779517726446607,0.6584096459096459,0.6453369881863051,0.7002091356710921,0.672287253808993,0.6322880261903037,0.6579465979137032,0.5753878669639539,0.6369132802069425,0.6489275047515612,0.6505658072247161,0.03162987565314521,99
0.8607116222381592,0.11961527701574316,0.4195747137069702,0.09451508689827023,,log2,1,10,200,"{'max_depth': None, 'max_features': 'log2', 'min_samples_leaf': 1, 'min_samples_split': 10, 'n_estimators': 200}",0.6699403524420123,0.6426379815360079,0.6434273873837553,0.6928640502010067,0.6947591278832225,0.6391894068846524,0.6595269681609377,0.5923580236873178,0.6519573603002502,0.630825651250081,0.6517486309729243,0.028647620882179512,95
1.274493360519409,0.13711523487770022,0.28312561511993406,0.03822551612224906,,log2,1,10,300,"{'max_depth': None, 'max_features': 'log2', 'min_samples_leaf': 1, 'min_samples_split': 10, 'n_estimators': 300}",0.6848146583328862,0.6431570589479881,0.6519897907354735,0.6822030340349305,0.6951026711120738,0.6460648148148148,0.6595269681609377,0.5923580236873178,0.6444561749249249,0.6378761943294637,0.6537549389080811,0.027927948587616422,83
0.6232176065444947,0.09098874061395822,0.23202378749847413,0.20035967282157965,,log2,2,2,100,"{'max_depth': None, 'max_features': 'log2', 'min_samples_leaf': 2, 'min_samples_split': 2, 'n_estimators': 100}",0.6938672418031397,0.622930261315217,0.653985223475355,0.6809501262626262,0.7189665008663902,0.6711308299442864,0.6829889354066985,0.6087202005170755,0.6827093814738089,0.6595037060908797,0.6675752407155477,0.031140669713368457,25
0.7820260763168335,0.09040006345469974,0.2771990060806274,0.09209278741813996,,log2,2,2,200,"{'max_depth': None, 'max_features': 'log2', 'min_samples_leaf': 2, 'min_samples_split': 2, 'n_estimators': 200}",0.6793571283889271,0.6231476264057998,0.6528905306022864,0.7072248551513389,0.7353439529220779,0.6471007095345018,0.7005538709078531,0.6255821319727425,0.6680875637213254,0.6483592660965226,0.6687647635703377,0.03481169479942466,13
1.2426804542541503,0.11227894917902352,0.23183364868164064,0.03346871681376635,,log2,2,2,300,"{'max_depth': None, 'max_features': 'log2', 'min_samples_leaf': 2, 'min_samples_split': 2, 'n_estimators': 300}",0.6793571283889271,0.6310524539966331,0.6528905306022864,0.6931661913975444,0.7265932441713692,0.6483061974789915,0.6752840909090909,0.6106631275040235,0.6605446838347782,0.6477409051445705,0.6625598553428216,0.031124570276037756,57
0.6597253561019898,0.14555366456925514,0.14755432605743407,0.05940666869553474,,log2,2,5,100,"{'max_depth': None, 'max_features': 'log2', 'min_samples_leaf': 2, 'min_samples_split': 5, 'n_estimators': 100}",0.671907584409136,0.6058704096045198,0.6644021739130435,0.7334868167918834,0.6823200306330837,0.6231915331684683,0.6708774975633528,0.6080196150097466,0.6531522734436136,0.6504942956144963,0.6563722230151344,0.036291133891722886,73
0.9043093681335449,0.17950367967708816,0.28037056922912595,0.06340030435764897,,log2,2,5,200,"{'max_depth': None, 'max_features': 'log2', 'min_samples_leaf': 2, 'min_samples_split': 5, 'n_estimators': 200}",0.6862066189780006,0.6458984540748494,0.6662614994748212,0.7077420514920514,0.7044817074113949,0.6244747899159664,0.6858427385667429,0.587807212465196,0.6755901185015292,0.6582395928086124,0.6642544783689164,0.035198869091147784,49
1.2337984323501587,0.1669870184100912,0.25248012542724607,0.06010742781936841,,log2,2,5,300,"{'max_depth': None, 'max_features': 'log2', 'min_samples_leaf': 2, 'min_samples_split': 5, 'n_estimators': 300}",0.6937536280257736,0.6463283533620549,0.6832860480640854,0.7105668764212342,0.7193387798856549,0.6163773148148147,0.6774531160911277,0.5854064039408867,0.6680875637213254,0.6582395928086124,0.6658837677135571,0.03929457487096399,39
0.6053699254989624,0.06810051936365262,0.17442595958709717,0.09286266535946687,,log2,2,10,100,"{'max_depth': None, 'max_features': 'log2', 'min_samples_leaf': 2, 'min_samples_split': 10, 'n_estimators': 100}",0.6553102466404458,0.6101655138339921,0.6452008928571429,0.6481508559103899,0.6943373658246362,0.6322295673076923,0.6679471343873518,0.5825164473684211,0.6219948915763136,0.6261717285339332,0.6384024644240318,0.029675241987363384,139
0.8985160112380981,0.08038373304253876,0.24334123134613037,0.07708702202521536,,log2,2,10,200,"{'max_depth': None, 'max_features': 'log2', 'min_samples_leaf': 2, 'min_samples_split': 10, 'n_estimators': 200}",0.6554700122446558,0.610699679943101,0.6191327507660055,0.6740448316524273,0.6871385521181718,0.6468896452811894,0.6679726765057838,0.5872378768020969,0.6293797980640854,0.6458853878256641,0.6423851211203181,0.02935759479538579,119
1.2267365455627441,0.10460251345141323,0.2054429531097412,0.05395882995774321,,log2,2,10,300,"{'max_depth': None, 'max_features': 'log2', 'min_samples_leaf': 2, 'min_samples_split': 10, 'n_estimators': 300}",0.6554700122446558,0.6134231316057729,0.6426825508922966,0.6780376175522097,0.6802320019134178,0.6231915331684683,0.6607028162055336,0.5784600389863548,0.6292763157894736,0.6348813450145409,0.6396357363372723,0.029421914839398638,133
0.6112974405288696,0.14448203379846997,0.1473978042602539,0.06900795619641956,,log2,4,2,100,"{'max_depth': None, 'max_features': 'log2', 'min_samples_leaf': 4, 'min_samples_split': 2, 'n_estimators': 100}",0.6333793652763986,0.6047725131104555,0.594052498708519,0.6676796735053738,0.6717087526959022,0.5947084470249804,0.648182285546416,0.5616691980238061,0.6369132802069425,0.6405265278466474,0.6253592541945442,0.03359742643962665,205
0.9042497634887695,0.16808098853170608,0.2251812696456909,0.05001611196098646,,log2,4,2,200,"{'max_depth': None, 'max_features': 'log2', 'min_samples_leaf': 4, 'min_samples_split': 2, 'n_estimators': 200}",0.625879917184265,0.5947840390594815,0.6166399572649572,0.6681230105984819,0.6873803827751197,0.6026626595019073,0.632087250293772,0.5864964896214897,0.6520180250783699,0.6329742574044274,0.6299045988782271,0.030527516816858603,193
1.240155816078186,0.17370896899470512,0.2697284698486328,0.053787726105768305,,log2,4,2,300,"{'max_depth': None, 'max_features': 'log2', 'min_samples_leaf': 4, 'min_samples_split': 2, 'n_estimators': 300}",0.6405516602379403,0.5947840390594815,0.617866847826087,0.6750880786777876,0.670700902733881,0.6015335648148148,0.632087250293772,0.5859887397447049,0.6445377628102636,0.640632814819737,0.6303771661018469,0.02874522477501019,181
0.5368139505386352,0.05285037770808155,0.1532886028289795,0.029628363697478413,,log2,4,5,100,"{'max_depth': None, 'max_features': 'log2', 'min_samples_leaf': 4, 'min_samples_split': 5, 'n_estimators': 100}",0.6333793652763986,0.6047725131104555,0.594052498708519,0.6676796735053738,0.6717087526959022,0.5947084470249804,0.648182285546416,0.5616691980238061,0.6369132802069425,0.6405265278466474,0.6253592541945442,0.03359742643962665,205
1.0185510158538817,0.09783042106510435,0.22818894386291505,0.06156076135120104,,log2,4,5,200,"{'max_depth': None, 'max_features': 'log2', 'min_samples_leaf': 4, 'min_samples_split': 5, 'n_estimators': 200}",0.625879917184265,0.5947840390594815,0.6166399572649572,0.6681230105984819,0.6873803827751197,0.6026626595019073,0.632087250293772,0.5864964896214897,0.6520180250783699,0.6329742574044274,0.6299045988782271,0.030527516816858603,193
1.2427395343780518,0.17143947938137888,0.21349141597747803,0.042338042493223316,,log2,4,5,300,"{'max_depth': None, 'max_features': 'log2', 'min_samples_leaf': 4, 'min_samples_split': 5, 'n_estimators': 300}",0.6405516602379403,0.5947840390594815,0.617866847826087,0.6750880786777876,0.670700902733881,0.6015335648148148,0.632087250293772,0.5859887397447049,0.6445377628102636,0.640632814819737,0.6303771661018469,0.02874522477501019,181
0.5775012969970703,0.0744290270198589,0.1508239507675171,0.04619364103810707,,log2,4,10,100,"{'max_depth': None, 'max_features': 'log2', 'min_samples_leaf': 4, 'min_samples_split': 10, 'n_estimators': 100}",0.6311763600380473,0.6124347349786945,0.6340184294871796,0.6481508559103899,0.6746841950646298,0.6077415966386555,0.6540763142016344,0.6055519467540774,0.6294658503004005,0.6336489051997439,0.6330949188573453,0.020598126913812482,161
0.8025081396102905,0.12354049767245397,0.20247139930725097,0.0557927566322593,,log2,4,10,200,"{'max_depth': None, 'max_features': 'log2', 'min_samples_leaf': 4, 'min_samples_split': 10, 'n_estimators': 200}",0.6482981966548778,0.6082380571360835,0.6019163995726496,0.660151082026082,0.6670218157966471,0.6155519467540773,0.6724341092727972,0.5836625768299497,0.6523089241839243,0.6259290854193464,0.6335512193646435,0.02901982576729624,155
1.3288225173950194,0.16351353842393554,0.27219691276550295,0.06090736749042811,,log2,4,10,300,"{'max_depth': None, 'max_features': 'log2', 'min_samples_leaf': 4, 'min_samples_split': 10, 'n_estimators': 300}",0.6335143585028657,0.593520625889047,0.6063568722395559,0.660151082026082,0.6746841950646298,0.6252223412181039,0.6573149236192715,0.598402286273049,0.6445377628102636,0.6266852615209931,0.6320389709163862,0.025992238419754933,171
0.4797666549682617,0.14750459135756877,0.2233741521835327,0.033484560188008286,10,sqrt,1,2,100,"{'max_depth': 10, 'max_features': 'sqrt', 'min_samples_leaf': 1, 'min_samples_split': 2, 'n_estimators': 100}",0.664015913623377,0.6538253185045948,0.6608441062487624,0.6790658120256043,0.7410102421721204,0.6387177627774163,0.678176535861531,0.5950977704678363,0.6435223982098982,0.6581405764646392,0.6612416436355779,0.03498042709426147,65
0.9010706186294556,0.09002713852813957,0.17413585186004638,0.05363505659940692,10,sqrt,1,2,200,"{'max_depth': 10, 'max_features': 'sqrt', 'min_samples_leaf': 1, 'min_samples_split': 2, 'n_estimators': 200}",0.6629348188889533,0.6226014254385965,0.6577147359219728,0.6932179119679118,0.7113119281531279,0.6448881715701951,0.6851896367521368,0.6117172587322443,0.6443662499037471,0.6576479798133341,0.6591590117142221,0.029301560384951783,71
1.314001441001892,0.08933271339218692,0.24245598316192626,0.032125813729065214,10,sqrt,1,2,300,"{'max_depth': 10, 'max_features': 'sqrt', 'min_samples_leaf': 1, 'min_samples_split': 2, 'n_estimators': 300}",0.6632506270067199,0.6532340706168831,0.6504704177401546,0.6861582652261531,0.7265932441713692,0.6439732142857144,0.6774531160911277,0.6002136571252277,0.6444561749249249,0.6570012859414295,0.6602804073129704,0.031067289454714972,69
0.46436874866485595,0.1581897535694449,0.20287723541259767,0.05773821320583772,10,sqrt,1,5,100,"{'max_depth': 10, 'max_features': 'sqrt', 'min_samples_leaf': 1, 'min_samples_split': 5, 'n_estimators': 100}",0.6403179308256048,0.6301549912810689,0.635687722365354,0.6893395704537009,0.7261610851626243,0.6292608173076923,0.6801549989464813,0.5678708133971292,0.6217632255300921,0.62557718499186,0.6446288340261608,0.04150958547219063,111
0.9621165275573731,0.08312989908026949,0.25724842548370364,0.07191494706137094,10,sqrt,1,5,200,"{'max_depth': 10, 'max_features': 'sqrt', 'min_samples_leaf': 1, 'min_samples_split': 5, 'n_estimators': 200}",0.6623981956966261,0.6439401175729301,0.6249447391688772,0.6816400231124807,0.7113119281531279,0.6312210648148148,0.6801549989464813,0.5816060413642961,0.6281372525939116,0.6486128486275664,0.6493967210051113,0.03463295760820865,105
1.2685333013534545,0.10233144579782211,0.2271561622619629,0.05029550679947856,10,sqrt,1,5,300,"{'max_depth': 10, 'max_features': 'sqrt', 'min_samples_leaf': 1, 'min_samples_split': 5, 'n_estimators': 300}",0.6623981956966261,0.650884271978022,0.64085503312477,0.6926312363517743,0.7171466620857013,0.6312210648148148,0.6646518801410106,0.5835069679594262,0.6366776315789473,0.6701804618920243,0.6550153405623117,0.03447618539805545,81
0.5828838586807251,0.13613232960641145,0.19469788074493408,0.06250774005382922,10,sqrt,1,10,100,"{'max_depth': 10, 'max_features': 'sqrt', 'min_samples_leaf': 1, 'min_samples_split': 10, 'n_estimators': 100}",0.6553406084656084,0.6360823019136698,0.648474282015066,0.6812551458480357,0.6654478593637886,0.6155519467540773,0.657775340184701,0.5907188869528487,0.6370170104679803,0.6455511318241046,0.643321451378988,0.024379843549567327,115
0.8889222860336303,0.08430813825632313,0.20191874504089355,0.08988412979938508,10,sqrt,1,10,200,"{'max_depth': 10, 'max_features': 'sqrt', 'min_samples_leaf': 1, 'min_samples_split': 10, 'n_estimators': 200}",0.6461628324946082,0.6193659855769231,0.6515539806218685,0.6634439987526451,0.6720067049808429,0.622421218487395,0.673169675779604,0.5908838343460185,0.62980942284731,0.6525909557747969,0.6421408609662013,0.024918815416521457,125
1.2680142879486085,0.10945119730975417,0.24597399234771727,0.07689392408998556,10,sqrt,1,10,300,"{'max_depth': 10, 'max_features': 'sqrt', 'min_samples_leaf': 1, 'min_samples_split': 10, 'n_estimators': 300}",0.668336388029276,0.6254171111901375,0.6446785538952472,0.6671128659476117,0.672597687400319,0.6390234083271098,0.675989896096713,0.5812023723939612,0.6293248559859742,0.6266852615209931,0.6430368400787343,0.027906310166648608,117
0.5511833429336548,0.12240975393030064,0.19076213836669922,0.08409055537700585,10,sqrt,2,2,100,"{'max_depth': 10, 'max_features': 'sqrt', 'min_samples_leaf': 2, 'min_samples_split': 2, 'n_estimators': 100}",0.6630608974358975,0.6263626202785495,0.6566639315090161,0.6595124131804514,0.7029605263157894,0.6391894068846524,0.6722916113313173,0.5636517783897808,0.6294658503004005,0.6548484237843866,0.6468007459410241,0.03475864005320758,109
0.9787515163421631,0.16971160403976934,0.2584177732467651,0.08000754395804613,10,sqrt,2,2,200,"{'max_depth': 10, 'max_features': 'sqrt', 'min_samples_leaf': 2, 'min_samples_split': 2, 'n_estimators': 200}",0.6629348188889533,0.6263626202785495,0.6487472648423495,0.685016352555515,0.7098002870126765,0.6145673076923077,0.6791678907168038,0.6002693965517242,0.6296992304804805,0.6701804618920243,0.6526745630911385,0.0329500193301853,87
1.2152511596679687,0.12225444208585767,0.24848666191101074,0.04220267320090926,10,sqrt,2,2,300,"{'max_depth': 10, 'max_features': 'sqrt', 'min_samples_leaf': 2, 'min_samples_split': 2, 'n_estimators': 300}",0.655884215583508,0.6245363413476749,0.6648519736842105,0.6783754138373702,0.7098002870126765,0.6322880261903037,0.6791678907168038,0.6012633072166397,0.6370170104679803,0.6701804618920243,0.6553364927949192,0.030192075216812237,79
0.6270134210586548,0.11771212902226043,0.1827928066253662,0.061755680750089886,10,sqrt,2,5,100,"{'max_depth': 10, 'max_features': 'sqrt', 'min_samples_leaf': 2, 'min_samples_split': 5, 'n_estimators': 100}",0.6552735512912504,0.6275903431929061,0.6353223128019324,0.6706123737373737,0.6944954128440368,0.6471007095345018,0.6533658596837946,0.5915275761973875,0.621822111659394,0.6378761943294637,0.6434986445272041,0.026659355479025836,113
0.8886054039001465,0.10253071391495024,0.3310603380203247,0.09771433272828367,10,sqrt,2,5,200,"{'max_depth': 10, 'max_features': 'sqrt', 'min_samples_leaf': 2, 'min_samples_split': 5, 'n_estimators': 200}",0.670418788929459,0.6245363413476749,0.6425359953668192,0.6814692354214413,0.7092790187475071,0.6471124743900167,0.6714961411339784,0.5933610687917497,0.6369132802069425,0.6487045070977477,0.6525826851433336,0.030675689703197284,89
1.1319858312606812,0.0842698804224862,0.20738236904144286,0.03503100726334654,10,sqrt,2,5,300,"{'max_depth': 10, 'max_features': 'sqrt', 'min_samples_leaf': 2, 'min_samples_split': 5, 'n_estimators': 300}",0.6774922000805154,0.6254171111901375,0.6498467751833329,0.660151082026082,0.7021630781499203,0.654946026850508,0.657775340184701,0.5835069679594262,0.6369132802069425,0.6455511318241046,0.6493762993655671,0.029795303654169467,107
0.5755677223205566,0.09511298514693367,0.2025982618331909,0.15056684150366242,10,sqrt,2,10,100,"{'max_depth': 10, 'max_features': 'sqrt', 'min_samples_leaf': 2, 'min_samples_split': 10, 'n_estimators': 100}",0.648350476886661,0.5855336583646616,0.6413969017094017,0.6865240110062575,0.6771900209585574,0.6231123506423782,0.669000869152971,0.6000973842068121,0.629858934169279,0.6554044380816034,0.6416469045178583,0.031011807867717307,127
0.7488131761550904,0.0525840894604173,0.18678300380706786,0.02662077738838176,10,sqrt,2,10,200,"{'max_depth': 10, 'max_features': 'sqrt', 'min_samples_leaf': 2, 'min_samples_split': 10, 'n_estimators': 200}",0.6772267289413306,0.6037512651821862,0.6311786932486474,0.6490385270240819,0.6778038317923186,0.6399620506612032,0.6610989832535885,0.5993377996479834,0.6223148518258848,0.6525909557747969,0.6414303687352022,0.02614930286516995,129
1.2245048999786377,0.11505288278856317,0.22333261966705323,0.05082681913230471,10,sqrt,2,10,300,"{'max_depth': 10, 'max_features': 'sqrt', 'min_samples_leaf': 2, 'min_samples_split': 10, 'n_estimators': 300}",0.6556052667914454,0.593520625889047,0.6365498293169095,0.6676796735053738,0.6873803827751197,0.6243624202647617,0.6683632645803699,0.6062568033381713,0.629858934169279,0.6343391011454292,0.6403916301775907,0.02783485313964684,131
0.534713888168335,0.07525387843148504,0.13191530704498292,0.05842930818356621,10,sqrt,4,2,100,"{'max_depth': 10, 'max_features': 'sqrt', 'min_samples_leaf': 4, 'min_samples_split': 2, 'n_estimators': 100}",0.6403933009607352,0.5958805728575374,0.6321756114130435,0.6595124131804514,0.6944954128440368,0.6012023723939612,0.6540763142016344,0.5654726890756303,0.6223545663052543,0.6557245186522419,0.6321287771884527,0.03543326518620454,167
0.9783523559570313,0.09449288785181177,0.21832029819488524,0.06464770439293815,10,sqrt,4,2,200,"{'max_depth': 10, 'max_features': 'sqrt', 'min_samples_leaf': 4, 'min_samples_split': 2, 'n_estimators': 200}",0.6461628324946082,0.576794430722183,0.6467633928571429,0.6671128659476117,0.7089856107639987,0.6011429608127721,0.6653821181223547,0.5654726890756303,0.6061058942255063,0.6627325430475037,0.6346655338069312,0.04319982069384838,151
1.1456778287887572,0.12899891739217906,0.20657622814178467,0.02458032048078772,10,sqrt,4,2,300,"{'max_depth': 10, 'max_features': 'sqrt', 'min_samples_leaf': 4, 'min_samples_split': 2, 'n_estimators': 300}",0.6483748477897222,0.5924341461026243,0.6152637453007518,0.6746752215502215,0.6942664257750712,0.6105565730565731,0.638870937147092,0.5889852729885058,0.6220978791291292,0.6336489051997439,0.6319173954039435,0.03204680435928524,177
0.6265764713287354,0.1341705353105419,0.1411431074142456,0.052709560502606265,10,sqrt,4,5,100,"{'max_depth': 10, 'max_features': 'sqrt', 'min_samples_leaf': 4, 'min_samples_split': 5, 'n_estimators': 100}",0.6403933009607352,0.5958805728575374,0.6321756114130435,0.6595124131804514,0.6944954128440368,0.6012023723939612,0.6540763142016344,0.5654726890756303,0.6223545663052543,0.6557245186522419,0.6321287771884527,0.03543326518620454,167
0.8328779458999633,0.11658871350981552,0.206465482711792,0.03194718785258812,10,sqrt,4,5,200,"{'max_depth': 10, 'max_features': 'sqrt', 'min_samples_leaf': 4, 'min_samples_split': 5, 'n_estimators': 200}",0.6461628324946082,0.576794430722183,0.6467633928571429,0.6671128659476117,0.7089856107639987,0.6011429608127721,0.6653821181223547,0.5654726890756303,0.6061058942255063,0.6627325430475037,0.6346655338069312,0.04319982069384838,151
1.183497714996338,0.15946967573107867,0.21725113391876222,0.02175272559918162,10,sqrt,4,5,300,"{'max_depth': 10, 'max_features': 'sqrt', 'min_samples_leaf': 4, 'min_samples_split': 5, 'n_estimators': 300}",0.6483748477897222,0.5924341461026243,0.6152637453007518,0.6746752215502215,0.6942664257750712,0.6105565730565731,0.638870937147092,0.5889852729885058,0.6220978791291292,0.6336489051997439,0.6319173954039435,0.03204680435928524,177
0.5613394260406495,0.14208553821386183,0.14729621410369872,0.029559806015879573,10,sqrt,4,10,100,"{'max_depth': 10, 'max_features': 'sqrt', 'min_samples_leaf': 4, 'min_samples_split': 10, 'n_estimators': 100}",0.6699885150426803,0.6176383399209486,0.6198431401511082,0.6535835326953748,0.7018821022727273,0.5933661456667734,0.690638333596713,0.5861275377165208,0.6366776315789473,0.6134015990682212,0.6383146877710015,0.03761764280224478,145
0.921822476387024,0.06588854897800446,0.26610989570617677,0.09753022278413034,10,sqrt,4,10,200,"{'max_depth': 10, 'max_features': 'sqrt', 'min_samples_leaf': 4, 'min_samples_split': 10, 'n_estimators': 200}",0.6399423869507168,0.6003940217391305,0.6251111660079052,0.6676796735053738,0.684872159090909,0.5978693106816622,0.6724341092727972,0.6008672471596201,0.6366776315789473,0.632889095384816,0.6358736801371878,0.0296979223341388,149
1.2113258361816406,0.0947876655941865,0.23000130653381348,0.07834369891881744,10,sqrt,4,10,300,"{'max_depth': 10, 'max_features': 'sqrt', 'min_samples_leaf': 4, 'min_samples_split': 10, 'n_estimators': 300}",0.6324361250348092,0.6003940217391305,0.6251111660079052,0.6676796735053738,0.6771900209585574,0.6333087706685838,0.657775340184701,0.6082160835868463,0.6369132802069425,0.6259290854193464,0.6364953567312196,0.023350440945310465,147
0.6568453788757325,0.1585743318612403,0.15187928676605225,0.07392029204165504,10,log2,1,2,100,"{'max_depth': 10, 'max_features': 'log2', 'min_samples_leaf': 1, 'min_samples_split': 2, 'n_estimators': 100}",0.664015913623377,0.6538253185045948,0.6608441062487624,0.6790658120256043,0.7410102421721204,0.6387177627774163,0.678176535861531,0.5950977704678363,0.6435223982098982,0.6581405764646392,0.6612416436355779,0.03498042709426147,65
0.8646997213363647,0.14822561857287472,0.20712149143218994,0.04588207488203447,10,log2,1,2,200,"{'max_depth': 10, 'max_features': 'log2', 'min_samples_leaf': 1, 'min_samples_split': 2, 'n_estimators': 200}",0.6629348188889533,0.6226014254385965,0.6577147359219728,0.6932179119679118,0.7113119281531279,0.6448881715701951,0.6851896367521368,0.6117172587322443,0.6443662499037471,0.6576479798133341,0.6591590117142221,0.029301560384951783,71
1.29158353805542,0.1336109023188441,0.25682835578918456,0.059028941876795804,10,log2,1,2,300,"{'max_depth': 10, 'max_features': 'log2', 'min_samples_leaf': 1, 'min_samples_split': 2, 'n_estimators': 300}",0.6632506270067199,0.6532340706168831,0.6504704177401546,0.6861582652261531,0.7265932441713692,0.6439732142857144,0.6774531160911277,0.6002136571252277,0.6444561749249249,0.6570012859414295,0.6602804073129704,0.031067289454714972,69
0.6196223258972168,0.1747063797836143,0.13974547386169434,0.055403585420278206,10,log2,1,5,100,"{'max_depth': 10, 'max_features': 'log2', 'min_samples_leaf': 1, 'min_samples_split': 5, 'n_estimators': 100}",0.6403179308256048,0.6301549912810689,0.635687722365354,0.6893395704537009,0.7261610851626243,0.6292608173076923,0.6801549989464813,0.5678708133971292,0.6217632255300921,0.62557718499186,0.6446288340261608,0.04150958547219063,111
1.02693030834198,0.18078095979957792,0.23031361103057862,0.12641954640208103,10,log2,1,5,200,"{'max_depth': 10, 'max_features': 'log2', 'min_samples_leaf': 1, 'min_samples_split': 5, 'n_estimators': 200}",0.6623981956966261,0.6439401175729301,0.6249447391688772,0.6816400231124807,0.7113119281531279,0.6312210648148148,0.6801549989464813,0.5816060413642961,0.6281372525939116,0.6486128486275664,0.6493967210051113,0.03463295760820865,105
1.2769217491149902,0.10926761478362788,0.21026294231414794,0.05464864895262045,10,log2,1,5,300,"{'max_depth': 10, 'max_features': 'log2', 'min_samples_leaf': 1, 'min_samples_split': 5, 'n_estimators': 300}",0.6623981956966261,0.650884271978022,0.64085503312477,0.6926312363517743,0.7171466620857013,0.6312210648148148,0.6646518801410106,0.5835069679594262,0.6366776315789473,0.6701804618920243,0.6550153405623117,0.03447618539805545,81
0.5919529438018799,0.1909481580424015,0.19074020385742188,0.06647547311710225,10,log2,1,10,100,"{'max_depth': 10, 'max_features': 'log2', 'min_samples_leaf': 1, 'min_samples_split': 10, 'n_estimators': 100}",0.6553406084656084,0.6360823019136698,0.648474282015066,0.6812551458480357,0.6654478593637886,0.6155519467540773,0.657775340184701,0.5907188869528487,0.6370170104679803,0.6455511318241046,0.643321451378988,0.024379843549567327,115
0.9323624849319458,0.21227862583615972,0.2177212953567505,0.03229184280673916,10,log2,1,10,200,"{'max_depth': 10, 'max_features': 'log2', 'min_samples_leaf': 1, 'min_samples_split': 10, 'n_estimators': 200}",0.6461628324946082,0.6193659855769231,0.6515539806218685,0.6634439987526451,0.6720067049808429,0.622421218487395,0.673169675779604,0.5908838343460185,0.62980942284731,0.6525909557747969,0.6421408609662013,0.024918815416521457,125
1.2600486516952514,0.08815728111560808,0.23336877822875976,0.07363356331373314,10,log2,1,10,300,"{'max_depth': 10, 'max_features': 'log2', 'min_samples_leaf': 1, 'min_samples_split': 10, 'n_estimators': 300}",0.668336388029276,0.6254171111901375,0.6446785538952472,0.6671128659476117,0.672597687400319,0.6390234083271098,0.675989896096713,0.5812023723939612,0.6293248559859742,0.6266852615209931,0.6430368400787343,0.027906310166648608,117
0.6097749710083008,0.13366449621460166,0.1460350751876831,0.0822949905538788,10,log2,2,2,100,"{'max_depth': 10, 'max_features': 'log2', 'min_samples_leaf': 2, 'min_samples_split': 2, 'n_estimators': 100}",0.6630608974358975,0.6263626202785495,0.6566639315090161,0.6595124131804514,0.7029605263157894,0.6391894068846524,0.6722916113313173,0.5636517783897808,0.6294658503004005,0.6548484237843866,0.6468007459410241,0.03475864005320758,109
0.997718358039856,0.12940458352287235,0.2746121406555176,0.04816405382188939,10,log2,2,2,200,"{'max_depth': 10, 'max_features': 'log2', 'min_samples_leaf': 2, 'min_samples_split': 2, 'n_estimators': 200}",0.6629348188889533,0.6263626202785495,0.6487472648423495,0.685016352555515,0.7098002870126765,0.6145673076923077,0.6791678907168038,0.6002693965517242,0.6296992304804805,0.6701804618920243,0.6526745630911385,0.0329500193301853,87
1.185664749145508,0.17818093562436405,0.24576756954193116,0.06059918484461013,10,log2,2,2,300,"{'max_depth': 10, 'max_features': 'log2', 'min_samples_leaf': 2, 'min_samples_split': 2, 'n_estimators': 300}",0.655884215583508,0.6245363413476749,0.6648519736842105,0.6783754138373702,0.7098002870126765,0.6322880261903037,0.6791678907168038,0.6012633072166397,0.6370170104679803,0.6701804618920243,0.6553364927949192,0.030192075216812237,79
0.5570079803466796,0.09305996922852557,0.17107715606689453,0.0741852651459176,10,log2,2,5,100,"{'max_depth': 10, 'max_features': 'log2', 'min_samples_leaf': 2, 'min_samples_split': 5, 'n_estimators': 100}",0.6552735512912504,0.6275903431929061,0.6353223128019324,0.6706123737373737,0.6944954128440368,0.6471007095345018,0.6533658596837946,0.5915275761973875,0.621822111659394,0.6378761943294637,0.6434986445272041,0.026659355479025836,113
0.8478886604309082,0.0813806759554046,0.28083124160766604,0.08314998293376707,10,log2,2,5,200,"{'max_depth': 10, 'max_features': 'log2', 'min_samples_leaf': 2, 'min_samples_split': 5, 'n_estimators': 200}",0.670418788929459,0.6245363413476749,0.6425359953668192,0.6814692354214413,0.7092790187475071,0.6471124743900167,0.6714961411339784,0.5933610687917497,0.6369132802069425,0.6487045070977477,0.6525826851433336,0.030675689703197284,89
1.2233429431915284,0.07786699160828377,0.21041350364685057,0.039148064115821286,10,log2,2,5,300,"{'max_depth': 10, 'max_features': 'log2', 'min_samples_leaf': 2, 'min_samples_split': 5, 'n_estimators': 300}",0.6774922000805154,0.6254171111901375,0.6498467751833329,0.660151082026082,0.7021630781499203,0.654946026850508,0.657775340184701,0.5835069679594262,0.6369132802069425,0.6455511318241046,0.6493762993655671,0.029795303654169467,107
0.5834824562072753,0.11211803199858483,0.15498263835906984,0.04909765470682082,10,log2,2,10,100,"{'max_depth': 10, 'max_features': 'log2', 'min_samples_leaf': 2, 'min_samples_split': 10, 'n_estimators': 100}",0.648350476886661,0.5855336583646616,0.6413969017094017,0.6865240110062575,0.6771900209585574,0.6231123506423782,0.669000869152971,0.6000973842068121,0.629858934169279,0.6554044380816034,0.6416469045178583,0.031011807867717307,127
0.8650027275085449,0.12303388247322258,0.22320013046264647,0.02803444248233784,10,log2,2,10,200,"{'max_depth': 10, 'max_features': 'log2', 'min_samples_leaf': 2, 'min_samples_split': 10, 'n_estimators': 200}",0.6772267289413306,0.6037512651821862,0.6311786932486474,0.6490385270240819,0.6778038317923186,0.6399620506612032,0.6610989832535885,0.5993377996479834,0.6223148518258848,0.6525909557747969,0.6414303687352022,0.02614930286516995,129
1.1597455739974976,0.09700258170106152,0.22448492050170898,0.05197100827236815,10,log2,2,10,300,"{'max_depth': 10, 'max_features': 'log2', 'min_samples_leaf': 2, 'min_samples_split': 10, 'n_estimators': 300}",0.6556052667914454,0.593520625889047,0.6365498293169095,0.6676796735053738,0.6873803827751197,0.6243624202647617,0.6683632645803699,0.6062568033381713,0.629858934169279,0.6343391011454292,0.6403916301775907,0.02783485313964684,131
0.5944344758987427,0.1213131306555914,0.12785420417785645,0.06219747492997503,10,log2,4,2,100,"{'max_depth': 10, 'max_features': 'log2', 'min_samples_leaf': 4, 'min_samples_split': 2, 'n_estimators': 100}",0.6403933009607352,0.5958805728575374,0.6321756114130435,0.6595124131804514,0.6944954128440368,0.6012023723939612,0.6540763142016344,0.5654726890756303,0.6223545663052543,0.6557245186522419,0.6321287771884527,0.03543326518620454,167
0.9278713464736938,0.07942312125414223,0.23260512351989746,0.0270915799201949,10,log2,4,2,200,"{'max_depth': 10, 'max_features': 'log2', 'min_samples_leaf': 4, 'min_samples_split': 2, 'n_estimators': 200}",0.6461628324946082,0.576794430722183,0.6467633928571429,0.6671128659476117,0.7089856107639987,0.6011429608127721,0.6653821181223547,0.5654726890756303,0.6061058942255063,0.6627325430475037,0.6346655338069312,0.04319982069384838,151
1.2312129259109497,0.11910977032596122,0.21868040561676025,0.03787530486159844,10,log2,4,2,300,"{'max_depth': 10, 'max_features': 'log2', 'min_samples_leaf': 4, 'min_samples_split': 2, 'n_estimators': 300}",0.6483748477897222,0.5924341461026243,0.6152637453007518,0.6746752215502215,0.6942664257750712,0.6105565730565731,0.638870937147092,0.5889852729885058,0.6220978791291292,0.6336489051997439,0.6319173954039435,0.03204680435928524,177
0.5082392454147339,0.11308025558393602,0.17259554862976073,0.056119138506333835,10,log2,4,5,100,"{'max_depth': 10, 'max_features': 'log2', 'min_samples_leaf': 4, 'min_samples_split': 5, 'n_estimators': 100}",0.6403933009607352,0.5958805728575374,0.6321756114130435,0.6595124131804514,0.6944954128440368,0.6012023723939612,0.6540763142016344,0.5654726890756303,0.6223545663052543,0.6557245186522419,0.6321287771884527,0.03543326518620454,167
0.9225382566452026,0.09246395428473948,0.26225507259368896,0.14963304745534348,10,log2,4,5,200,"{'max_depth': 10, 'max_features': 'log2', 'min_samples_leaf': 4, 'min_samples_split': 5, 'n_estimators': 200}",0.6461628324946082,0.576794430722183,0.6467633928571429,0.6671128659476117,0.7089856107639987,0.6011429608127721,0.6653821181223547,0.5654726890756303,0.6061058942255063,0.6627325430475037,0.6346655338069312,0.04319982069384838,151
1.1606187582015992,0.08000083765701352,0.20701115131378173,0.03780838661211916,10,log2,4,5,300,"{'max_depth': 10, 'max_features': 'log2', 'min_samples_leaf': 4, 'min_samples_split': 5, 'n_estimators': 300}",0.6483748477897222,0.5924341461026243,0.6152637453007518,0.6746752215502215,0.6942664257750712,0.6105565730565731,0.638870937147092,0.5889852729885058,0.6220978791291292,0.6336489051997439,0.6319173954039435,0.03204680435928524,177
0.6024252653121949,0.181031561080707,0.21906640529632568,0.10504659040867721,10,log2,4,10,100,"{'max_depth': 10, 'max_features': 'log2', 'min_samples_leaf': 4, 'min_samples_split': 10, 'n_estimators': 100}",0.6699885150426803,0.6176383399209486,0.6198431401511082,0.6535835326953748,0.7018821022727273,0.5933661456667734,0.690638333596713,0.5861275377165208,0.6366776315789473,0.6134015990682212,0.6383146877710015,0.03761764280224478,145
0.7569921493530274,0.1648825551366312,0.20062944889068604,0.0540218754282086,10,log2,4,10,200,"{'max_depth': 10, 'max_features': 'log2', 'min_samples_leaf': 4, 'min_samples_split': 10, 'n_estimators': 200}",0.6399423869507168,0.6003940217391305,0.6251111660079052,0.6676796735053738,0.684872159090909,0.5978693106816622,0.6724341092727972,0.6008672471596201,0.6366776315789473,0.632889095384816,0.6358736801371878,0.0296979223341388,149
1.243355631828308,0.10995917344848215,0.2863156318664551,0.06542690548943451,10,log2,4,10,300,"{'max_depth': 10, 'max_features': 'log2', 'min_samples_leaf': 4, 'min_samples_split': 10, 'n_estimators': 300}",0.6324361250348092,0.6003940217391305,0.6251111660079052,0.6676796735053738,0.6771900209585574,0.6333087706685838,0.657775340184701,0.6082160835868463,0.6369132802069425,0.6259290854193464,0.6364953567312196,0.023350440945310465,147
0.5386327505111694,0.11689080711831633,0.12292015552520752,0.05865445646108944,20,sqrt,1,2,100,"{'max_depth': 20, 'max_features': 'sqrt', 'min_samples_leaf': 1, 'min_samples_split': 2, 'n_estimators': 100}",0.6496433702791461,0.6514446891299936,0.653733066502463,0.6940417683420749,0.7276201536295563,0.6585346899867374,0.662576414570608,0.618387539184953,0.6476652505760369,0.640044994375703,0.6603691936577273,0.02870613513043374,67
1.0563612461090088,0.0748949114288269,0.2690943717956543,0.12261862541046964,20,sqrt,1,2,200,"{'max_depth': 20, 'max_features': 'sqrt', 'min_samples_leaf': 1, 'min_samples_split': 2, 'n_estimators': 200}",0.664015913623377,0.6318037135086234,0.6677878694581282,0.7005745965699582,0.7353439529220779,0.6569612068965517,0.6946060451916899,0.6048548754782157,0.6531522734436136,0.6351013893533578,0.6644201836445595,0.03593614822993135,43
1.3082351446151734,0.19503022112550797,0.23970317840576172,0.07041758041440634,20,sqrt,1,2,300,"{'max_depth': 20, 'max_features': 'sqrt', 'min_samples_leaf': 1, 'min_samples_split': 2, 'n_estimators': 300}",0.6715671182266011,0.6480561344031047,0.684375,0.6855286501215401,0.7280405405405406,0.6478066376542166,0.6862122252747253,0.6153345628144178,0.6453223387508509,0.649929772291977,0.6662172980077974,0.029854442395275304,37
0.6196941375732422,0.1414519136734743,0.2243032693862915,0.10363936391667558,20,sqrt,1,5,100,"{'max_depth': 20, 'max_features': 'sqrt', 'min_samples_leaf': 1, 'min_samples_split': 5, 'n_estimators': 100}",0.6714630207184897,0.6545191437300217,0.6923680871228183,0.689705031352567,0.7200959547779492,0.6278846153846154,0.7072681491822896,0.6192568369144216,0.652642692157845,0.6428157966740645,0.6678019328015081,0.03220163477889824,21
0.8291876316070557,0.10342208909211312,0.22045607566833497,0.08005241619316987,20,sqrt,1,5,200,"{'max_depth': 20, 'max_features': 'sqrt', 'min_samples_leaf': 1, 'min_samples_split': 5, 'n_estimators': 200}",0.6859100658772138,0.6538243948938991,0.6681833976433491,0.6971726450732799,0.7280405405405406,0.6349434678637355,0.7016104680233258,0.633457193509564,0.637603989277188,0.6573247990570825,0.6698070961759177,0.030656950889674447,3
1.3151808023452758,0.14652234372569753,0.2740609645843506,0.08494243111114665,20,sqrt,1,5,300,"{'max_depth': 20, 'max_features': 'sqrt', 'min_samples_leaf': 1, 'min_samples_split': 5, 'n_estimators': 300}",0.6934748259324592,0.6246395026481297,0.6686767491117424,0.7077536506240122,0.7277010432735245,0.6269157037815125,0.6868190724475288,0.6341689680822866,0.6450877573145813,0.6624015748031497,0.6677638848018927,0.03378830583500413,23
0.6107717990875244,0.15229388640731914,0.21868298053741456,0.10837567170666271,20,sqrt,1,10,100,"{'max_depth': 20, 'max_features': 'sqrt', 'min_samples_leaf': 1, 'min_samples_split': 10, 'n_estimators': 100}",0.670418788929459,0.6584096459096459,0.6453369881863051,0.7072248551513389,0.672287253808993,0.6322880261903037,0.6579465979137032,0.5675538483229629,0.6369132802069425,0.6489275047515612,0.6497306789371216,0.034097970611057724,103
0.9172579050064087,0.18349186166136636,0.27990829944610596,0.04153568363736112,20,sqrt,1,10,200,"{'max_depth': 20, 'max_features': 'sqrt', 'min_samples_leaf': 1, 'min_samples_split': 10, 'n_estimators': 200}",0.6699403524420123,0.6426379815360079,0.6434273873837553,0.6928640502010067,0.6951026711120738,0.6391894068846524,0.6595269681609377,0.6002136571252277,0.6519573603002502,0.630825651250081,0.6525685486396006,0.027126404885158408,91
1.2662858009338378,0.15387152550583905,0.23535783290863038,0.07861244374735417,20,sqrt,1,10,300,"{'max_depth': 20, 'max_features': 'sqrt', 'min_samples_leaf': 1, 'min_samples_split': 10, 'n_estimators': 300}",0.6772267289413306,0.6431570589479881,0.6519897907354735,0.6822030340349305,0.6951026711120738,0.6460648148148148,0.6517745659584588,0.5933610687917497,0.6444561749249249,0.6378761943294637,0.6523212102591208,0.026858536828503494,93
0.5726484775543212,0.08326784427868594,0.18783953189849853,0.09538114324641703,20,sqrt,2,2,100,"{'max_depth': 20, 'max_features': 'sqrt', 'min_samples_leaf': 2, 'min_samples_split': 2, 'n_estimators': 100}",0.6938672418031397,0.6299931706815458,0.653985223475355,0.6809501262626262,0.7189665008663902,0.6711308299442864,0.6829889354066985,0.6087202005170755,0.6907094164118247,0.673632317699418,0.670494396306836,0.03051085477291791,1
0.9202480792999268,0.08849924542248727,0.2446589469909668,0.048263742748899434,20,sqrt,2,2,200,"{'max_depth': 20, 'max_features': 'sqrt', 'min_samples_leaf': 2, 'min_samples_split': 2, 'n_estimators': 200}",0.6793571283889271,0.6142855890655399,0.6528905306022864,0.7072248551513389,0.7353439529220779,0.6471007095345018,0.7005538709078531,0.6176596969372457,0.6680875637213254,0.6477409051445705,0.6670244802375668,0.037078186038110895,29
1.2976132392883302,0.11678277330578017,0.2387847423553467,0.029184178554177823,20,sqrt,2,2,300,"{'max_depth': 20, 'max_features': 'sqrt', 'min_samples_leaf': 2, 'min_samples_split': 2, 'n_estimators': 300}",0.6793571283889271,0.6389084690893901,0.6528905306022864,0.6931661913975444,0.7265932441713692,0.6483061974789915,0.6752840909090909,0.6106631275040235,0.6526527705350814,0.654808773903262,0.6632630523979968,0.030304592080245253,55
0.6572083234786987,0.1543139718178665,0.15890190601348878,0.05403715276497944,20,sqrt,2,5,100,"{'max_depth': 20, 'max_features': 'sqrt', 'min_samples_leaf': 2, 'min_samples_split': 5, 'n_estimators': 100}",0.6705055070173809,0.6140081735955523,0.6644021739130435,0.7334868167918834,0.6823200306330837,0.6232865146217418,0.6708774975633528,0.6080196150097466,0.6370170104679803,0.6504942956144963,0.6554417635228262,0.035668544026923536,77
0.8424161672592163,0.21241788162344674,0.23604276180267333,0.058000137898478556,20,sqrt,2,5,200,"{'max_depth': 20, 'max_features': 'sqrt', 'min_samples_leaf': 2, 'min_samples_split': 5, 'n_estimators': 200}",0.6937536280257736,0.6458984540748494,0.6662614994748212,0.7077420514920514,0.6968891539204038,0.6244747899159664,0.6858427385667429,0.587807212465196,0.6755901185015292,0.6582395928086124,0.6642499239245947,0.034963837161557994,53
1.228184199333191,0.13749154150464102,0.2526667356491089,0.04662432194962701,20,sqrt,2,5,300,"{'max_depth': 20, 'max_features': 'sqrt', 'min_samples_leaf': 2, 'min_samples_split': 5, 'n_estimators': 300}",0.6937536280257736,0.6463283533620549,0.6832860480640854,0.7181287552246604,0.7193387798856549,0.6163773148148147,0.6851896367521368,0.5854064039408867,0.6607172866641137,0.6582395928086124,0.6666765799542793,0.04053148370551515,35
0.6168601512908936,0.09123868982867861,0.19144530296325685,0.08295392187920025,20,sqrt,2,10,100,"{'max_depth': 20, 'max_features': 'sqrt', 'min_samples_leaf': 2, 'min_samples_split': 10, 'n_estimators': 100}",0.6553102466404458,0.6101655138339921,0.6452008928571429,0.6481508559103899,0.6943373658246362,0.6322295673076923,0.6679471343873518,0.5825164473684211,0.6219948915763136,0.6261717285339332,0.6384024644240318,0.029675241987363384,139
0.8994277954101563,0.09160035018451722,0.3166266202926636,0.04583986150102195,20,sqrt,2,10,200,"{'max_depth': 20, 'max_features': 'sqrt', 'min_samples_leaf': 2, 'min_samples_split': 10, 'n_estimators': 200}",0.6554700122446558,0.610699679943101,0.6191327507660055,0.6740448316524273,0.6794815307456804,0.6468896452811894,0.6679726765057838,0.5939424001924002,0.6293797980640854,0.6458853878256641,0.6422898713220994,0.0270135996721644,123
1.2211342573165893,0.15153866420578588,0.2282252788543701,0.04616700431192947,20,sqrt,2,10,300,"{'max_depth': 20, 'max_features': 'sqrt', 'min_samples_leaf': 2, 'min_samples_split': 10, 'n_estimators': 300}",0.6554700122446558,0.6134231316057729,0.6426825508922966,0.6780376175522097,0.6802320019134178,0.6231915331684683,0.6607028162055336,0.5784600389863548,0.6292763157894736,0.6348813450145409,0.6396357363372723,0.029421914839398638,133
0.5511481285095214,0.07010435651836291,0.20486977100372314,0.08207103519238113,20,sqrt,4,2,100,"{'max_depth': 20, 'max_features': 'sqrt', 'min_samples_leaf': 4, 'min_samples_split': 2, 'n_estimators': 100}",0.6333793652763986,0.6047725131104555,0.594052498708519,0.6676796735053738,0.6717087526959022,0.5947084470249804,0.648182285546416,0.5616691980238061,0.6369132802069425,0.6405265278466474,0.6253592541945442,0.03359742643962665,205
0.8611252069473266,0.03750149886394829,0.2517373085021973,0.039955833671834314,20,sqrt,4,2,200,"{'max_depth': 20, 'max_features': 'sqrt', 'min_samples_leaf': 4, 'min_samples_split': 2, 'n_estimators': 200}",0.625879917184265,0.5947840390594815,0.6166399572649572,0.6681230105984819,0.6873803827751197,0.6026626595019073,0.632087250293772,0.5864964896214897,0.6520180250783699,0.6329742574044274,0.6299045988782271,0.030527516816858603,193
1.2275354862213135,0.15006203165280013,0.2312633514404297,0.059756618059139364,20,sqrt,4,2,300,"{'max_depth': 20, 'max_features': 'sqrt', 'min_samples_leaf': 4, 'min_samples_split': 2, 'n_estimators': 300}",0.6405516602379403,0.5947840390594815,0.617866847826087,0.6750880786777876,0.670700902733881,0.6015335648148148,0.632087250293772,0.5859887397447049,0.6445377628102636,0.640632814819737,0.6303771661018469,0.02874522477501019,181
0.5486888885498047,0.08254027297722481,0.13880457878112792,0.03637171659149805,20,sqrt,4,5,100,"{'max_depth': 20, 'max_features': 'sqrt', 'min_samples_leaf': 4, 'min_samples_split': 5, 'n_estimators': 100}",0.6333793652763986,0.6047725131104555,0.594052498708519,0.6676796735053738,0.6717087526959022,0.5947084470249804,0.648182285546416,0.5616691980238061,0.6369132802069425,0.6405265278466474,0.6253592541945442,0.03359742643962665,205
0.9042639970779419,0.13431463666106996,0.2065176248550415,0.08977885779267315,20,sqrt,4,5,200,"{'max_depth': 20, 'max_features': 'sqrt', 'min_samples_leaf': 4, 'min_samples_split': 5, 'n_estimators': 200}",0.625879917184265,0.5947840390594815,0.6166399572649572,0.6681230105984819,0.6873803827751197,0.6026626595019073,0.632087250293772,0.5864964896214897,0.6520180250783699,0.6329742574044274,0.6299045988782271,0.030527516816858603,193
1.1942670106887818,0.06604841275503373,0.19579291343688965,0.06199382483922624,20,sqrt,4,5,300,"{'max_depth': 20, 'max_features': 'sqrt', 'min_samples_leaf': 4, 'min_samples_split': 5, 'n_estimators': 300}",0.6405516602379403,0.5947840390594815,0.617866847826087,0.6750880786777876,0.670700902733881,0.6015335648148148,0.632087250293772,0.5859887397447049,0.6445377628102636,0.640632814819737,0.6303771661018469,0.02874522477501019,181
0.602431344985962,0.12791459399474886,0.1685429334640503,0.07397386587048359,20,sqrt,4,10,100,"{'max_depth': 20, 'max_features': 'sqrt', 'min_samples_leaf': 4, 'min_samples_split': 10, 'n_estimators': 100}",0.6311763600380473,0.6124347349786945,0.6340184294871796,0.6481508559103899,0.6746841950646298,0.6077415966386555,0.6540763142016344,0.6055519467540774,0.6294658503004005,0.6336489051997439,0.6330949188573453,0.020598126913812482,161
0.9076755762100219,0.170426389425097,0.20431921482086182,0.0162646097730207,20,sqrt,4,10,200,"{'max_depth': 20, 'max_features': 'sqrt', 'min_samples_leaf': 4, 'min_samples_split': 10, 'n_estimators': 200}",0.6482981966548778,0.6082380571360835,0.6019163995726496,0.660151082026082,0.6670218157966471,0.6155519467540773,0.6724341092727972,0.5836625768299497,0.6523089241839243,0.6259290854193464,0.6335512193646435,0.02901982576729624,155
1.237370228767395,0.12590894718219137,0.22434520721435547,0.03963281480362283,20,sqrt,4,10,300,"{'max_depth': 20, 'max_features': 'sqrt', 'min_samples_leaf': 4, 'min_samples_split': 10, 'n_estimators': 300}",0.6335143585028657,0.593520625889047,0.6063568722395559,0.660151082026082,0.6746841950646298,0.6252223412181039,0.6573149236192715,0.598402286273049,0.6445377628102636,0.6266852615209931,0.6320389709163862,0.025992238419754933,171
0.5127780437469482,0.11052570716673306,0.17640933990478516,0.06696893214597012,20,log2,1,2,100,"{'max_depth': 20, 'max_features': 'log2', 'min_samples_leaf': 1, 'min_samples_split': 2, 'n_estimators': 100}",0.6496433702791461,0.6514446891299936,0.653733066502463,0.6940417683420749,0.7276201536295563,0.6585346899867374,0.662576414570608,0.618387539184953,0.6476652505760369,0.640044994375703,0.6603691936577273,0.02870613513043374,67
1.0398065090179442,0.0861786552221557,0.31333341598510744,0.07679486983305017,20,log2,1,2,200,"{'max_depth': 20, 'max_features': 'log2', 'min_samples_leaf': 1, 'min_samples_split': 2, 'n_estimators': 200}",0.664015913623377,0.6318037135086234,0.6677878694581282,0.7005745965699582,0.7353439529220779,0.6569612068965517,0.6946060451916899,0.6048548754782157,0.6531522734436136,0.6351013893533578,0.6644201836445595,0.03593614822993135,43
1.3772184610366822,0.1585804241980669,0.25290536880493164,0.06385833764115358,20,log2,1,2,300,"{'max_depth': 20, 'max_features': 'log2', 'min_samples_leaf': 1, 'min_samples_split': 2, 'n_estimators': 300}",0.6715671182266011,0.6480561344031047,0.684375,0.6855286501215401,0.7280405405405406,0.6478066376542166,0.6862122252747253,0.6153345628144178,0.6453223387508509,0.649929772291977,0.6662172980077974,0.029854442395275304,37
0.5594973564147949,0.10942109165164637,0.18567562103271484,0.05666599202752247,20,log2,1,5,100,"{'max_depth': 20, 'max_features': 'log2', 'min_samples_leaf': 1, 'min_samples_split': 5, 'n_estimators': 100}",0.6714630207184897,0.6545191437300217,0.6923680871228183,0.689705031352567,0.7200959547779492,0.6278846153846154,0.7072681491822896,0.6192568369144216,0.652642692157845,0.6428157966740645,0.6678019328015081,0.03220163477889824,21
0.970747423171997,0.14089929900729606,0.27837495803833007,0.05862910961742213,20,log2,1,5,200,"{'max_depth': 20, 'max_features': 'log2', 'min_samples_leaf': 1, 'min_samples_split': 5, 'n_estimators': 200}",0.6859100658772138,0.6538243948938991,0.6681833976433491,0.6971726450732799,0.7280405405405406,0.6349434678637355,0.7016104680233258,0.633457193509564,0.637603989277188,0.6573247990570825,0.6698070961759177,0.030656950889674447,3
1.3255730628967286,0.16765601292462046,0.27636446952819826,0.08978632186081585,20,log2,1,5,300,"{'max_depth': 20, 'max_features': 'log2', 'min_samples_leaf': 1, 'min_samples_split': 5, 'n_estimators': 300}",0.6934748259324592,0.6246395026481297,0.6686767491117424,0.7077536506240122,0.7277010432735245,0.6269157037815125,0.6868190724475288,0.6341689680822866,0.6450877573145813,0.6624015748031497,0.6677638848018927,0.03378830583500413,23
0.5244088172912598,0.11278005466063847,0.16890993118286132,0.07344137020937584,20,log2,1,10,100,"{'max_depth': 20, 'max_features': 'log2', 'min_samples_leaf': 1, 'min_samples_split': 10, 'n_estimators': 100}",0.670418788929459,0.6584096459096459,0.6453369881863051,0.7072248551513389,0.672287253808993,0.6322880261903037,0.6579465979137032,0.5675538483229629,0.6369132802069425,0.6489275047515612,0.6497306789371216,0.034097970611057724,103
0.9416378736495972,0.09712553234804626,0.37904837131500246,0.06751092904360771,20,log2,1,10,200,"{'max_depth': 20, 'max_features': 'log2', 'min_samples_leaf': 1, 'min_samples_split': 10, 'n_estimators': 200}",0.6699403524420123,0.6426379815360079,0.6434273873837553,0.6928640502010067,0.6951026711120738,0.6391894068846524,0.6595269681609377,0.6002136571252277,0.6519573603002502,0.630825651250081,0.6525685486396006,0.027126404885158408,91
1.2066213369369507,0.12277256714937361,0.24791123867034912,0.04315339063126283,20,log2,1,10,300,"{'max_depth': 20, 'max_features': 'log2', 'min_samples_leaf': 1, 'min_samples_split': 10, 'n_estimators': 300}",0.6772267289413306,0.6431570589479881,0.6519897907354735,0.6822030340349305,0.6951026711120738,0.6460648148148148,0.6517745659584588,0.5933610687917497,0.6444561749249249,0.6378761943294637,0.6523212102591208,0.026858536828503494,93
0.6467681646347045,0.12994921065079296,0.16396682262420653,0.09417051782201959,20,log2,2,2,100,"{'max_depth': 20, 'max_features': 'log2', 'min_samples_leaf': 2, 'min_samples_split': 2, 'n_estimators': 100}",0.6938672418031397,0.6299931706815458,0.653985223475355,0.6809501262626262,0.7189665008663902,0.6711308299442864,0.6829889354066985,0.6087202005170755,0.6907094164118247,0.673632317699418,0.670494396306836,0.03051085477291791,1
0.753731083869934,0.0657548611178836,0.26696441173553465,0.10178970296663076,20,log2,2,2,200,"{'max_depth': 20, 'max_features': 'log2', 'min_samples_leaf': 2, 'min_samples_split': 2, 'n_estimators': 200}",0.6793571283889271,0.6142855890655399,0.6528905306022864,0.7072248551513389,0.7353439529220779,0.6471007095345018,0.7005538709078531,0.6176596969372457,0.6680875637213254,0.6477409051445705,0.6670244802375668,0.037078186038110895,29
1.254046416282654,0.11662908016978024,0.26277329921722414,0.06417260198785685,20,log2,2,2,300,"{'max_depth': 20, 'max_features': 'log2', 'min_samples_leaf': 2, 'min_samples_split': 2, 'n_estimators': 300}",0.6793571283889271,0.6389084690893901,0.6528905306022864,0.6931661913975444,0.7265932441713692,0.6483061974789915,0.6752840909090909,0.6106631275040235,0.6526527705350814,0.654808773903262,0.6632630523979968,0.030304592080245253,55
0.6589749097824097,0.16763572924357778,0.23649265766143798,0.14140326438275563,20,log2,2,5,100,"{'max_depth': 20, 'max_features': 'log2', 'min_samples_leaf': 2, 'min_samples_split': 5, 'n_estimators': 100}",0.6705055070173809,0.6140081735955523,0.6644021739130435,0.7334868167918834,0.6823200306330837,0.6232865146217418,0.6708774975633528,0.6080196150097466,0.6370170104679803,0.6504942956144963,0.6554417635228262,0.035668544026923536,77
0.9094134569168091,0.07789378181684507,0.29739971160888673,0.05035700763177061,20,log2,2,5,200,"{'max_depth': 20, 'max_features': 'log2', 'min_samples_leaf': 2, 'min_samples_split': 5, 'n_estimators': 200}",0.6937536280257736,0.6458984540748494,0.6662614994748212,0.7077420514920514,0.6968891539204038,0.6244747899159664,0.6858427385667429,0.587807212465196,0.6755901185015292,0.6582395928086124,0.6642499239245947,0.034963837161557994,53
1.2891185760498047,0.11373082604489859,0.22448441982269288,0.06514456272355604,20,log2,2,5,300,"{'max_depth': 20, 'max_features': 'log2', 'min_samples_leaf': 2, 'min_samples_split': 5, 'n_estimators': 300}",0.6937536280257736,0.6463283533620549,0.6832860480640854,0.7181287552246604,0.7193387798856549,0.6163773148148147,0.6851896367521368,0.5854064039408867,0.6607172866641137,0.6582395928086124,0.6666765799542793,0.04053148370551515,35
0.58669011592865,0.09199061807644897,0.18487753868103027,0.05936490044618693,20,log2,2,10,100,"{'max_depth': 20, 'max_features': 'log2', 'min_samples_leaf': 2, 'min_samples_split': 10, 'n_estimators': 100}",0.6553102466404458,0.6101655138339921,0.6452008928571429,0.6481508559103899,0.6943373658246362,0.6322295673076923,0.6679471343873518,0.5825164473684211,0.6219948915763136,0.6261717285339332,0.6384024644240318,0.029675241987363384,139
0.9077071905136108,0.09252957551532594,0.21401913166046144,0.10380702307961694,20,log2,2,10,200,"{'max_depth': 20, 'max_features': 'log2', 'min_samples_leaf': 2, 'min_samples_split': 10, 'n_estimators': 200}",0.6554700122446558,0.610699679943101,0.6191327507660055,0.6740448316524273,0.6794815307456804,0.6468896452811894,0.6679726765057838,0.5939424001924002,0.6293797980640854,0.6458853878256641,0.6422898713220994,0.0270135996721644,123
1.2959219217300415,0.08035219604629272,0.23211886882781982,0.034591102238843686,20,log2,2,10,300,"{'max_depth': 20, 'max_features': 'log2', 'min_samples_leaf': 2, 'min_samples_split': 10, 'n_estimators': 300}",0.6554700122446558,0.6134231316057729,0.6426825508922966,0.6780376175522097,0.6802320019134178,0.6231915331684683,0.6607028162055336,0.5784600389863548,0.6292763157894736,0.6348813450145409,0.6396357363372723,0.029421914839398638,133
0.5763925790786744,0.16444640724516876,0.17067875862121581,0.048523879472948964,20,log2,4,2,100,"{'max_depth': 20, 'max_features': 'log2', 'min_samples_leaf': 4, 'min_samples_split': 2, 'n_estimators': 100}",0.6333793652763986,0.6047725131104555,0.594052498708519,0.6676796735053738,0.6717087526959022,0.5947084470249804,0.648182285546416,0.5616691980238061,0.6369132802069425,0.6405265278466474,0.6253592541945442,0.03359742643962665,205
0.9450951099395752,0.1533878522826187,0.21017131805419922,0.03714535912078791,20,log2,4,2,200,"{'max_depth': 20, 'max_features': 'log2', 'min_samples_leaf': 4, 'min_samples_split': 2, 'n_estimators': 200}",0.625879917184265,0.5947840390594815,0.6166399572649572,0.6681230105984819,0.6873803827751197,0.6026626595019073,0.632087250293772,0.5864964896214897,0.6520180250783699,0.6329742574044274,0.6299045988782271,0.030527516816858603,193
1.1852801322937012,0.058218520582354376,0.2395923137664795,0.036729794948361864,20,log2,4,2,300,"{'max_depth': 20, 'max_features': 'log2', 'min_samples_leaf': 4, 'min_samples_split': 2, 'n_estimators': 300}",0.6405516602379403,0.5947840390594815,0.617866847826087,0.6750880786777876,0.670700902733881,0.6015335648148148,0.632087250293772,0.5859887397447049,0.6445377628102636,0.640632814819737,0.6303771661018469,0.02874522477501019,181
0.5675508737564087,0.16282790307955622,0.16511158943176268,0.0396325031183193,20,log2,4,5,100,"{'max_depth': 20, 'max_features': 'log2', 'min_samples_leaf': 4, 'min_samples_split': 5, 'n_estimators': 100}",0.6333793652763986,0.6047725131104555,0.594052498708519,0.6676796735053738,0.6717087526959022,0.5947084470249804,0.648182285546416,0.5616691980238061,0.6369132802069425,0.6405265278466474,0.6253592541945442,0.03359742643962665,205
0.9745423555374145,0.07078595493975742,0.22966644763946534,0.09759392063067117,20,log2,4,5,200,"{'max_depth': 20, 'max_features': 'log2', 'min_samples_leaf': 4, 'min_samples_split': 5, 'n_estimators': 200}",0.625879917184265,0.5947840390594815,0.6166399572649572,0.6681230105984819,0.6873803827751197,0.6026626595019073,0.632087250293772,0.5864964896214897,0.6520180250783699,0.6329742574044274,0.6299045988782271,0.030527516816858603,193
1.2195914745330811,0.11500338494627671,0.1921109676361084,0.0367676261981578,20,log2,4,5,300,"{'max_depth': 20, 'max_features': 'log2', 'min_samples_leaf': 4, 'min_samples_split': 5, 'n_estimators': 300}",0.6405516602379403,0.5947840390594815,0.617866847826087,0.6750880786777876,0.670700902733881,0.6015335648148148,0.632087250293772,0.5859887397447049,0.6445377628102636,0.640632814819737,0.6303771661018469,0.02874522477501019,181
0.5676657199859619,0.17921706411448998,0.17873799800872803,0.08396810167281824,20,log2,4,10,100,"{'max_depth': 20, 'max_features': 'log2', 'min_samples_leaf': 4, 'min_samples_split': 10, 'n_estimators': 100}",0.6311763600380473,0.6124347349786945,0.6340184294871796,0.6481508559103899,0.6746841950646298,0.6077415966386555,0.6540763142016344,0.6055519467540774,0.6294658503004005,0.6336489051997439,0.6330949188573453,0.020598126913812482,161
0.9041793346405029,0.11481866925285408,0.21167366504669188,0.05737049830797334,20,log2,4,10,200,"{'max_depth': 20, 'max_features': 'log2', 'min_samples_leaf': 4, 'min_samples_split': 10, 'n_estimators': 200}",0.6482981966548778,0.6082380571360835,0.6019163995726496,0.660151082026082,0.6670218157966471,0.6155519467540773,0.6724341092727972,0.5836625768299497,0.6523089241839243,0.6259290854193464,0.6335512193646435,0.02901982576729624,155
1.2113620281219482,0.06839545744563494,0.21521224975585937,0.03462975643905527,20,log2,4,10,300,"{'max_depth': 20, 'max_features': 'log2', 'min_samples_leaf': 4, 'min_samples_split': 10, 'n_estimators': 300}",0.6335143585028657,0.593520625889047,0.6063568722395559,0.660151082026082,0.6746841950646298,0.6252223412181039,0.6573149236192715,0.598402286273049,0.6445377628102636,0.6266852615209931,0.6320389709163862,0.025992238419754933,171
0.5581603288650513,0.1331341944780435,0.16679227352142334,0.08558725068790317,30,sqrt,1,2,100,"{'max_depth': 30, 'max_features': 'sqrt', 'min_samples_leaf': 1, 'min_samples_split': 2, 'n_estimators': 100}",0.6726366032785493,0.6295415660225442,0.6612028678401888,0.6940417683420749,0.7279346761768637,0.6569153502747253,0.6706604324956166,0.618387539184953,0.6477759293575921,0.6647581552305963,0.6643854888203704,0.029491199798021797,45
0.9710086345672607,0.10403248947103225,0.2814276695251465,0.13411191614248122,30,sqrt,1,2,200,"{'max_depth': 30, 'max_features': 'sqrt', 'min_samples_leaf': 1, 'min_samples_split': 2, 'n_estimators': 200}",0.6787927381436117,0.632328023538961,0.6591671798029557,0.6935656055900621,0.7204266436688312,0.6569612068965517,0.6796798029556651,0.6076640662578163,0.6557297667050691,0.6346901130365697,0.6619005146596094,0.031073964344333717,61
1.2303447723388672,0.12459809063739337,0.2527244806289673,0.02622956962423064,30,sqrt,1,2,300,"{'max_depth': 30, 'max_features': 'sqrt', 'min_samples_leaf': 1, 'min_samples_split': 2, 'n_estimators': 300}",0.6787927381436117,0.655808463243808,0.6753343131331908,0.692964817489274,0.7204266436688312,0.6478066376542166,0.6862122252747253,0.6224494761604136,0.6453223387508509,0.6428157966740645,0.6667933450192985,0.027638689371451912,31
0.6614521980285645,0.2266282699943056,0.18212571144104003,0.1301147326101486,30,sqrt,1,5,100,"{'max_depth': 30, 'max_features': 'sqrt', 'min_samples_leaf': 1, 'min_samples_split': 5, 'n_estimators': 100}",0.6714630207184897,0.6545191437300217,0.6923680871228183,0.689705031352567,0.7272196261682242,0.6278846153846154,0.6996246408045976,0.6255821319727425,0.652642692157845,0.649929772291977,0.6690938761703898,0.03118437762320879,9
0.9134893178939819,0.1366423568900633,0.3136637210845947,0.14826197696246354,30,sqrt,1,5,200,"{'max_depth': 30, 'max_features': 'sqrt', 'min_samples_leaf': 1, 'min_samples_split': 5, 'n_estimators': 200}",0.6859100658772138,0.646777950310559,0.6759769654435602,0.6971726450732799,0.7353439529220779,0.6349434678637355,0.6921742528942214,0.633457193509564,0.637603989277188,0.6573247990570825,0.6696685282228482,0.03178270105735435,5
1.2478448152542114,0.07647669187442344,0.1928478002548218,0.039069531108335775,30,sqrt,1,5,300,"{'max_depth': 30, 'max_features': 'sqrt', 'min_samples_leaf': 1, 'min_samples_split': 5, 'n_estimators': 300}",0.6934748259324592,0.6325738152344719,0.6677878694581282,0.7077536506240122,0.7277010432735245,0.6269157037815125,0.6868190724475288,0.6341689680822866,0.6529575892857142,0.6554021096561686,0.6685554647775807,0.032583899064987196,17
0.7007503032684326,0.23129274072920053,0.15451455116271973,0.13067787499727204,30,sqrt,1,10,100,"{'max_depth': 30, 'max_features': 'sqrt', 'min_samples_leaf': 1, 'min_samples_split': 10, 'n_estimators': 100}",0.6779517726446607,0.6584096459096459,0.6453369881863051,0.7002091356710921,0.672287253808993,0.6322880261903037,0.6579465979137032,0.5753878669639539,0.6369132802069425,0.6489275047515612,0.6505658072247161,0.03162987565314521,99
0.8723651885986328,0.16791939745090098,0.21423895359039308,0.0224347034636704,30,sqrt,1,10,200,"{'max_depth': 30, 'max_features': 'sqrt', 'min_samples_leaf': 1, 'min_samples_split': 10, 'n_estimators': 200}",0.6699403524420123,0.6426379815360079,0.6434273873837553,0.6928640502010067,0.6947591278832225,0.6391894068846524,0.6595269681609377,0.5923580236873178,0.6519573603002502,0.630825651250081,0.6517486309729243,0.028647620882179512,95
1.305305051803589,0.15993565278215796,0.2367138147354126,0.05236775448868135,30,sqrt,1,10,300,"{'max_depth': 30, 'max_features': 'sqrt', 'min_samples_leaf': 1, 'min_samples_split': 10, 'n_estimators': 300}",0.6848146583328862,0.6431570589479881,0.6519897907354735,0.6822030340349305,0.6951026711120738,0.6460648148148148,0.6595269681609377,0.5923580236873178,0.6444561749249249,0.6378761943294637,0.6537549389080811,0.027927948587616422,83
0.6140268325805665,0.1039355932143042,0.170461106300354,0.04172156154903495,30,sqrt,2,2,100,"{'max_depth': 30, 'max_features': 'sqrt', 'min_samples_leaf': 2, 'min_samples_split': 2, 'n_estimators': 100}",0.6938672418031397,0.622930261315217,0.653985223475355,0.6809501262626262,0.7189665008663902,0.6711308299442864,0.6829889354066985,0.6087202005170755,0.6827093814738089,0.6595037060908797,0.6675752407155477,0.031140669713368457,25
0.9869725227355957,0.09417232117537315,0.22401955127716064,0.10359107788704465,30,sqrt,2,2,200,"{'max_depth': 30, 'max_features': 'sqrt', 'min_samples_leaf': 2, 'min_samples_split': 2, 'n_estimators': 200}",0.6793571283889271,0.6231476264057998,0.6528905306022864,0.7072248551513389,0.7353439529220779,0.6471007095345018,0.7005538709078531,0.6255821319727425,0.6680875637213254,0.6483592660965226,0.6687647635703377,0.03481169479942466,13
1.2186346769332885,0.10136622593767754,0.21483030319213867,0.05704311769314481,30,sqrt,2,2,300,"{'max_depth': 30, 'max_features': 'sqrt', 'min_samples_leaf': 2, 'min_samples_split': 2, 'n_estimators': 300}",0.6793571283889271,0.6310524539966331,0.6528905306022864,0.6931661913975444,0.7265932441713692,0.6483061974789915,0.6752840909090909,0.6106631275040235,0.6605446838347782,0.6477409051445705,0.6625598553428216,0.031124570276037756,57
0.6620383024215698,0.1854566545452441,0.15371859073638916,0.07819868053921014,30,sqrt,2,5,100,"{'max_depth': 30, 'max_features': 'sqrt', 'min_samples_leaf': 2, 'min_samples_split': 5, 'n_estimators': 100}",0.671907584409136,0.6058704096045198,0.6644021739130435,0.7334868167918834,0.6823200306330837,0.6231915331684683,0.6708774975633528,0.6080196150097466,0.6531522734436136,0.6504942956144963,0.6563722230151344,0.036291133891722886,73
0.8130115270614624,0.2040644107541035,0.21164100170135497,0.038644423545756604,30,sqrt,2,5,200,"{'max_depth': 30, 'max_features': 'sqrt', 'min_samples_leaf': 2, 'min_samples_split': 5, 'n_estimators': 200}",0.6862066189780006,0.6458984540748494,0.6662614994748212,0.7077420514920514,0.7044817074113949,0.6244747899159664,0.6858427385667429,0.587807212465196,0.6755901185015292,0.6582395928086124,0.6642544783689164,0.035198869091147784,49
1.245267629623413,0.09120587672512466,0.21844537258148194,0.0137263738260672,30,sqrt,2,5,300,"{'max_depth': 30, 'max_features': 'sqrt', 'min_samples_leaf': 2, 'min_samples_split': 5, 'n_estimators': 300}",0.6937536280257736,0.6463283533620549,0.6832860480640854,0.7105668764212342,0.7193387798856549,0.6163773148148147,0.6774531160911277,0.5854064039408867,0.6680875637213254,0.6582395928086124,0.6658837677135571,0.03929457487096399,39
0.6093044757843018,0.11924147264185656,0.136399245262146,0.029951762573335892,30,sqrt,2,10,100,"{'max_depth': 30, 'max_features': 'sqrt', 'min_samples_leaf': 2, 'min_samples_split': 10, 'n_estimators': 100}",0.6553102466404458,0.6101655138339921,0.6452008928571429,0.6481508559103899,0.6943373658246362,0.6322295673076923,0.6679471343873518,0.5825164473684211,0.6219948915763136,0.6261717285339332,0.6384024644240318,0.029675241987363384,139
0.9620452404022217,0.0896517651516114,0.21047956943511964,0.10855229550448152,30,sqrt,2,10,200,"{'max_depth': 30, 'max_features': 'sqrt', 'min_samples_leaf': 2, 'min_samples_split': 10, 'n_estimators': 200}",0.6554700122446558,0.610699679943101,0.6191327507660055,0.6740448316524273,0.6871385521181718,0.6468896452811894,0.6679726765057838,0.5872378768020969,0.6293797980640854,0.6458853878256641,0.6423851211203181,0.02935759479538579,119
1.2250957489013672,0.08518669281109952,0.20221784114837646,0.05032116108741348,30,sqrt,2,10,300,"{'max_depth': 30, 'max_features': 'sqrt', 'min_samples_leaf': 2, 'min_samples_split': 10, 'n_estimators': 300}",0.6554700122446558,0.6134231316057729,0.6426825508922966,0.6780376175522097,0.6802320019134178,0.6231915331684683,0.6607028162055336,0.5784600389863548,0.6292763157894736,0.6348813450145409,0.6396357363372723,0.029421914839398638,133
0.49824459552764894,0.17141752485373973,0.21774094104766845,0.09494894630997215,30,sqrt,4,2,100,"{'max_depth': 30, 'max_features': 'sqrt', 'min_samples_leaf': 4, 'min_samples_split': 2, 'n_estimators': 100}",0.6333793652763986,0.6047725131104555,0.594052498708519,0.6676796735053738,0.6717087526959022,0.5947084470249804,0.648182285546416,0.5616691980238061,0.6369132802069425,0.6405265278466474,0.6253592541945442,0.03359742643962665,205
0.8606098651885986,0.12385672747139531,0.20232777595520018,0.03034173956780975,30,sqrt,4,2,200,"{'max_depth': 30, 'max_features': 'sqrt', 'min_samples_leaf': 4, 'min_samples_split': 2, 'n_estimators': 200}",0.625879917184265,0.5947840390594815,0.6166399572649572,0.6681230105984819,0.6873803827751197,0.6026626595019073,0.632087250293772,0.5864964896214897,0.6520180250783699,0.6329742574044274,0.6299045988782271,0.030527516816858603,193
1.1786571502685548,0.05219048539304434,0.1930708408355713,0.04220035364811246,30,sqrt,4,2,300,"{'max_depth': 30, 'max_features': 'sqrt', 'min_samples_leaf': 4, 'min_samples_split': 2, 'n_estimators': 300}",0.6405516602379403,0.5947840390594815,0.617866847826087,0.6750880786777876,0.670700902733881,0.6015335648148148,0.632087250293772,0.5859887397447049,0.6445377628102636,0.640632814819737,0.6303771661018469,0.02874522477501019,181
0.5849234580993652,0.13981309931796337,0.15798571109771728,0.085215994696211,30,sqrt,4,5,100,"{'max_depth': 30, 'max_features': 'sqrt', 'min_samples_leaf': 4, 'min_samples_split': 5, 'n_estimators': 100}",0.6333793652763986,0.6047725131104555,0.594052498708519,0.6676796735053738,0.6717087526959022,0.5947084470249804,0.648182285546416,0.5616691980238061,0.6369132802069425,0.6405265278466474,0.6253592541945442,0.03359742643962665,205
0.9369131088256836,0.1520826309827074,0.2483438491821289,0.060013645015957094,30,sqrt,4,5,200,"{'max_depth': 30, 'max_features': 'sqrt', 'min_samples_leaf': 4, 'min_samples_split': 5, 'n_estimators': 200}",0.625879917184265,0.5947840390594815,0.6166399572649572,0.6681230105984819,0.6873803827751197,0.6026626595019073,0.632087250293772,0.5864964896214897,0.6520180250783699,0.6329742574044274,0.6299045988782271,0.030527516816858603,193
1.1634068965911866,0.10107193238805952,0.22488703727722167,0.05912664183759472,30,sqrt,4,5,300,"{'max_depth': 30, 'max_features': 'sqrt', 'min_samples_leaf': 4, 'min_samples_split': 5, 'n_estimators': 300}",0.6405516602379403,0.5947840390594815,0.617866847826087,0.6750880786777876,0.670700902733881,0.6015335648148148,0.632087250293772,0.5859887397447049,0.6445377628102636,0.640632814819737,0.6303771661018469,0.02874522477501019,181
0.5602328538894653,0.1223145217307583,0.1660846471786499,0.06468941783690049,30,sqrt,4,10,100,"{'max_depth': 30, 'max_features': 'sqrt', 'min_samples_leaf': 4, 'min_samples_split': 10, 'n_estimators': 100}",0.6311763600380473,0.6124347349786945,0.6340184294871796,0.6481508559103899,0.6746841950646298,0.6077415966386555,0.6540763142016344,0.6055519467540774,0.6294658503004005,0.6336489051997439,0.6330949188573453,0.020598126913812482,161
0.8925473690032959,0.09922406690789354,0.2743975162506104,0.07296357027238339,30,sqrt,4,10,200,"{'max_depth': 30, 'max_features': 'sqrt', 'min_samples_leaf': 4, 'min_samples_split': 10, 'n_estimators': 200}",0.6482981966548778,0.6082380571360835,0.6019163995726496,0.660151082026082,0.6670218157966471,0.6155519467540773,0.6724341092727972,0.5836625768299497,0.6523089241839243,0.6259290854193464,0.6335512193646435,0.02901982576729624,155
1.154742431640625,0.1023940074212644,0.23465871810913086,0.05817861329117725,30,sqrt,4,10,300,"{'max_depth': 30, 'max_features': 'sqrt', 'min_samples_leaf': 4, 'min_samples_split': 10, 'n_estimators': 300}",0.6335143585028657,0.593520625889047,0.6063568722395559,0.660151082026082,0.6746841950646298,0.6252223412181039,0.6573149236192715,0.598402286273049,0.6445377628102636,0.6266852615209931,0.6320389709163862,0.025992238419754933,171
0.49229068756103517,0.12164162384336567,0.15136480331420898,0.07507918581409175,30,log2,1,2,100,"{'max_depth': 30, 'max_features': 'log2', 'min_samples_leaf': 1, 'min_samples_split': 2, 'n_estimators': 100}",0.6726366032785493,0.6295415660225442,0.6612028678401888,0.6940417683420749,0.7279346761768637,0.6569153502747253,0.6706604324956166,0.618387539184953,0.6477759293575921,0.6647581552305963,0.6643854888203704,0.029491199798021797,45
0.9363997220993042,0.05908261181309474,0.3064591646194458,0.07195071306744752,30,log2,1,2,200,"{'max_depth': 30, 'max_features': 'log2', 'min_samples_leaf': 1, 'min_samples_split': 2, 'n_estimators': 200}",0.6787927381436117,0.632328023538961,0.6591671798029557,0.6935656055900621,0.7204266436688312,0.6569612068965517,0.6796798029556651,0.6076640662578163,0.6557297667050691,0.6346901130365697,0.6619005146596094,0.031073964344333717,61
1.2536949634552002,0.15516592718272687,0.26553001403808596,0.028920304766331773,30,log2,1,2,300,"{'max_depth': 30, 'max_features': 'log2', 'min_samples_leaf': 1, 'min_samples_split': 2, 'n_estimators': 300}",0.6787927381436117,0.655808463243808,0.6753343131331908,0.692964817489274,0.7204266436688312,0.6478066376542166,0.6862122252747253,0.6224494761604136,0.6453223387508509,0.6428157966740645,0.6667933450192985,0.027638689371451912,31
0.627092695236206,0.1769793068864945,0.2271968364715576,0.08794104803431702,30,log2,1,5,100,"{'max_depth': 30, 'max_features': 'log2', 'min_samples_leaf': 1, 'min_samples_split': 5, 'n_estimators': 100}",0.6714630207184897,0.6545191437300217,0.6923680871228183,0.689705031352567,0.7272196261682242,0.6278846153846154,0.6996246408045976,0.6255821319727425,0.652642692157845,0.649929772291977,0.6690938761703898,0.03118437762320879,9
0.9188106298446655,0.06757095129462298,0.2925453186035156,0.08158456605049685,30,log2,1,5,200,"{'max_depth': 30, 'max_features': 'log2', 'min_samples_leaf': 1, 'min_samples_split': 5, 'n_estimators': 200}",0.6859100658772138,0.646777950310559,0.6759769654435602,0.6971726450732799,0.7353439529220779,0.6349434678637355,0.6921742528942214,0.633457193509564,0.637603989277188,0.6573247990570825,0.6696685282228482,0.03178270105735435,5
1.345974063873291,0.1616145081311047,0.2668682813644409,0.05690018205306957,30,log2,1,5,300,"{'max_depth': 30, 'max_features': 'log2', 'min_samples_leaf': 1, 'min_samples_split': 5, 'n_estimators': 300}",0.6934748259324592,0.6325738152344719,0.6677878694581282,0.7077536506240122,0.7277010432735245,0.6269157037815125,0.6868190724475288,0.6341689680822866,0.6529575892857142,0.6554021096561686,0.6685554647775807,0.032583899064987196,17
0.5707809448242187,0.144878476581299,0.21025395393371582,0.05928416696350532,30,log2,1,10,100,"{'max_depth': 30, 'max_features': 'log2', 'min_samples_leaf': 1, 'min_samples_split': 10, 'n_estimators': 100}",0.6779517726446607,0.6584096459096459,0.6453369881863051,0.7002091356710921,0.672287253808993,0.6322880261903037,0.6579465979137032,0.5753878669639539,0.6369132802069425,0.6489275047515612,0.6505658072247161,0.03162987565314521,99
0.9175964593887329,0.11843362135730441,0.28878567218780515,0.14549993380992426,30,log2,1,10,200,"{'max_depth': 30, 'max_features': 'log2', 'min_samples_leaf': 1, 'min_samples_split': 10, 'n_estimators': 200}",0.6699403524420123,0.6426379815360079,0.6434273873837553,0.6928640502010067,0.6947591278832225,0.6391894068846524,0.6595269681609377,0.5923580236873178,0.6519573603002502,0.630825651250081,0.6517486309729243,0.028647620882179512,95
1.2855424404144287,0.0800531348372897,0.23957836627960205,0.03418801674217656,30,log2,1,10,300,"{'max_depth': 30, 'max_features': 'log2', 'min_samples_leaf': 1, 'min_samples_split': 10, 'n_estimators': 300}",0.6848146583328862,0.6431570589479881,0.6519897907354735,0.6822030340349305,0.6951026711120738,0.6460648148148148,0.6595269681609377,0.5923580236873178,0.6444561749249249,0.6378761943294637,0.6537549389080811,0.027927948587616422,83
0.6783259630203247,0.14069389515622494,0.20403132438659669,0.10764892921920421,30,log2,2,2,100,"{'max_depth': 30, 'max_features': 'log2', 'min_samples_leaf': 2, 'min_samples_split': 2, 'n_estimators': 100}",0.6938672418031397,0.622930261315217,0.653985223475355,0.6809501262626262,0.7189665008663902,0.6711308299442864,0.6829889354066985,0.6087202005170755,0.6827093814738089,0.6595037060908797,0.6675752407155477,0.031140669713368457,25
0.8829898834228516,0.09423432413829086,0.34252784252166746,0.10599187412495563,30,log2,2,2,200,"{'max_depth': 30, 'max_features': 'log2', 'min_samples_leaf': 2, 'min_samples_split': 2, 'n_estimators': 200}",0.6793571283889271,0.6231476264057998,0.6528905306022864,0.7072248551513389,0.7353439529220779,0.6471007095345018,0.7005538709078531,0.6255821319727425,0.6680875637213254,0.6483592660965226,0.6687647635703377,0.03481169479942466,13
1.2117189407348632,0.1162272170404929,0.24125027656555176,0.06764562137281298,30,log2,2,2,300,"{'max_depth': 30, 'max_features': 'log2', 'min_samples_leaf': 2, 'min_samples_split': 2, 'n_estimators': 300}",0.6793571283889271,0.6310524539966331,0.6528905306022864,0.6931661913975444,0.7265932441713692,0.6483061974789915,0.6752840909090909,0.6106631275040235,0.6605446838347782,0.6477409051445705,0.6625598553428216,0.031124570276037756,57
0.6577301502227784,0.15279127325342853,0.20024666786193848,0.10917705131412266,30,log2,2,5,100,"{'max_depth': 30, 'max_features': 'log2', 'min_samples_leaf': 2, 'min_samples_split': 5, 'n_estimators': 100}",0.671907584409136,0.6058704096045198,0.6644021739130435,0.7334868167918834,0.6823200306330837,0.6231915331684683,0.6708774975633528,0.6080196150097466,0.6531522734436136,0.6504942956144963,0.6563722230151344,0.036291133891722886,73
0.8350485801696778,0.08286075392898778,0.2161386489868164,0.04855552481468041,30,log2,2,5,200,"{'max_depth': 30, 'max_features': 'log2', 'min_samples_leaf': 2, 'min_samples_split': 5, 'n_estimators': 200}",0.6862066189780006,0.6458984540748494,0.6662614994748212,0.7077420514920514,0.7044817074113949,0.6244747899159664,0.6858427385667429,0.587807212465196,0.6755901185015292,0.6582395928086124,0.6642544783689164,0.035198869091147784,49
1.2428815126419068,0.08180754897923885,0.19021179676055908,0.03903264186775365,30,log2,2,5,300,"{'max_depth': 30, 'max_features': 'log2', 'min_samples_leaf': 2, 'min_samples_split': 5, 'n_estimators': 300}",0.6937536280257736,0.6463283533620549,0.6832860480640854,0.7105668764212342,0.7193387798856549,0.6163773148148147,0.6774531160911277,0.5854064039408867,0.6680875637213254,0.6582395928086124,0.6658837677135571,0.03929457487096399,39
0.5428220272064209,0.1444277181797935,0.14082026481628418,0.058383102503162934,30,log2,2,10,100,"{'max_depth': 30, 'max_features': 'log2', 'min_samples_leaf': 2, 'min_samples_split': 10, 'n_estimators': 100}",0.6553102466404458,0.6101655138339921,0.6452008928571429,0.6481508559103899,0.6943373658246362,0.6322295673076923,0.6679471343873518,0.5825164473684211,0.6219948915763136,0.6261717285339332,0.6384024644240318,0.029675241987363384,139
0.9862084865570069,0.11322542882233394,0.24760663509368896,0.07306784413142635,30,log2,2,10,200,"{'max_depth': 30, 'max_features': 'log2', 'min_samples_leaf': 2, 'min_samples_split': 10, 'n_estimators': 200}",0.6554700122446558,0.610699679943101,0.6191327507660055,0.6740448316524273,0.6871385521181718,0.6468896452811894,0.6679726765057838,0.5872378768020969,0.6293797980640854,0.6458853878256641,0.6423851211203181,0.02935759479538579,119
1.2982510566711425,0.1821106053683784,0.22405333518981935,0.04120826631181633,30,log2,2,10,300,"{'max_depth': 30, 'max_features': 'log2', 'min_samples_leaf': 2, 'min_samples_split': 10, 'n_estimators': 300}",0.6554700122446558,0.6134231316057729,0.6426825508922966,0.6780376175522097,0.6802320019134178,0.6231915331684683,0.6607028162055336,0.5784600389863548,0.6292763157894736,0.6348813450145409,0.6396357363372723,0.029421914839398638,133
0.5037872076034546,0.09957443272247717,0.19170055389404297,0.0348709280585026,30,log2,4,2,100,"{'max_depth': 30, 'max_features': 'log2', 'min_samples_leaf': 4, 'min_samples_split': 2, 'n_estimators': 100}",0.6333793652763986,0.6047725131104555,0.594052498708519,0.6676796735053738,0.6717087526959022,0.5947084470249804,0.648182285546416,0.5616691980238061,0.6369132802069425,0.6405265278466474,0.6253592541945442,0.03359742643962665,205
0.9002234935760498,0.04903663217581805,0.20739777088165284,0.11317550853228955,30,log2,4,2,200,"{'max_depth': 30, 'max_features': 'log2', 'min_samples_leaf': 4, 'min_samples_split': 2, 'n_estimators': 200}",0.625879917184265,0.5947840390594815,0.6166399572649572,0.6681230105984819,0.6873803827751197,0.6026626595019073,0.632087250293772,0.5864964896214897,0.6520180250783699,0.6329742574044274,0.6299045988782271,0.030527516816858603,193
1.288410758972168,0.09928153218404748,0.24283974170684813,0.07990919875071273,30,log2,4,2,300,"{'max_depth': 30, 'max_features': 'log2', 'min_samples_leaf': 4, 'min_samples_split': 2, 'n_estimators': 300}",0.6405516602379403,0.5947840390594815,0.617866847826087,0.6750880786777876,0.670700902733881,0.6015335648148148,0.632087250293772,0.5859887397447049,0.6445377628102636,0.640632814819737,0.6303771661018469,0.02874522477501019,181
0.4494971990585327,0.14463512130071576,0.275924015045166,0.08272642731642989,30,log2,4,5,100,"{'max_depth': 30, 'max_features': 'log2', 'min_samples_leaf': 4, 'min_samples_split': 5, 'n_estimators': 100}",0.6333793652763986,0.6047725131104555,0.594052498708519,0.6676796735053738,0.6717087526959022,0.5947084470249804,0.648182285546416,0.5616691980238061,0.6369132802069425,0.6405265278466474,0.6253592541945442,0.03359742643962665,205
0.7618563890457153,0.12519369174040842,0.15315160751342774,0.04334246360039464,30,log2,4,5,200,"{'max_depth': 30, 'max_features': 'log2', 'min_samples_leaf': 4, 'min_samples_split': 5, 'n_estimators': 200}",0.625879917184265,0.5947840390594815,0.6166399572649572,0.6681230105984819,0.6873803827751197,0.6026626595019073,0.632087250293772,0.5864964896214897,0.6520180250783699,0.6329742574044274,0.6299045988782271,0.030527516816858603,193
1.2940998315811156,0.14295849028129654,0.23042018413543702,0.03337604804051303,30,log2,4,5,300,"{'max_depth': 30, 'max_features': 'log2', 'min_samples_leaf': 4, 'min_samples_split': 5, 'n_estimators': 300}",0.6405516602379403,0.5947840390594815,0.617866847826087,0.6750880786777876,0.670700902733881,0.6015335648148148,0.632087250293772,0.5859887397447049,0.6445377628102636,0.640632814819737,0.6303771661018469,0.02874522477501019,181
0.5068305015563965,0.18463725494015548,0.17584376335144042,0.06438842389041162,30,log2,4,10,100,"{'max_depth': 30, 'max_features': 'log2', 'min_samples_leaf': 4, 'min_samples_split': 10, 'n_estimators': 100}",0.6311763600380473,0.6124347349786945,0.6340184294871796,0.6481508559103899,0.6746841950646298,0.6077415966386555,0.6540763142016344,0.6055519467540774,0.6294658503004005,0.6336489051997439,0.6330949188573453,0.020598126913812482,161
0.8909638166427613,0.09608252069121886,0.140929913520813,0.037294702189703315,30,log2,4,10,200,"{'max_depth': 30, 'max_features': 'log2', 'min_samples_leaf': 4, 'min_samples_split': 10, 'n_estimators': 200}",0.6482981966548778,0.6082380571360835,0.6019163995726496,0.660151082026082,0.6670218157966471,0.6155519467540773,0.6724341092727972,0.5836625768299497,0.6523089241839243,0.6259290854193464,0.6335512193646435,0.02901982576729624,155
1.1140757560729981,0.03785899883149942,0.08898956775665283,0.017110129748874887,30,log2,4,10,300,"{'max_depth': 30, 'max_features': 'log2', 'min_samples_leaf': 4, 'min_samples_split': 10, 'n_estimators': 300}",0.6335143585028657,0.593520625889047,0.6063568722395559,0.660151082026082,0.6746841950646298,0.6252223412181039,0.6573149236192715,0.598402286273049,0.6445377628102636,0.6266852615209931,0.6320389709163862,0.025992238419754933,171
